prefix_index,sequence_id,endpoint,prefix_length,y_true,y_prob,y_pred
6782,484,7,8,0,0.05601002,0
13138,938,7,8,0,0.08654137,0
3368,240,9,10,0,0.10389459,0
4311,307,14,15,0,0.07671497,0
7526,537,9,10,0,0.077594586,0
10027,716,4,5,0,0.3852052,0
11753,839,8,9,0,0.07492726,0
11184,798,13,14,1,0.920612,1
9569,683,8,9,0,0.10886551,0
9230,659,5,6,0,0.11088519,0
7800,557,3,4,0,0.27099103,0
5370,383,9,10,0,0.16326459,0
9904,707,7,8,0,0.096423,0
2016,144,1,2,0,0.0728714,0
161,11,8,9,1,0.45921424,0
4585,327,8,9,0,0.09807732,0
190,13,9,10,0,0.54722846,1
11766,840,7,8,1,0.72467756,1
3116,222,9,10,1,0.74665624,1
3726,266,3,4,0,0.09366677,0
2775,198,4,5,0,0.0820066,0
9742,695,13,14,0,0.40070188,0
10961,782,14,15,1,0.6556242,1
11286,806,3,4,1,0.65472716,1
2971,212,4,5,0,0.10243359,0
10356,739,11,12,0,0.23053378,0
13291,949,6,7,0,0.15446045,0
3573,255,4,5,0,0.08826723,0
2249,160,10,11,0,0.1878124,0
289,20,10,11,0,0.14386371,0
2372,169,7,8,0,0.2509427,0
5573,398,2,3,0,0.077174746,0
1677,119,12,13,0,0.34115094,0
9850,703,9,10,1,0.7672773,1
7843,560,4,5,0,0.08248381,0
4302,307,5,6,0,0.08276328,0
3055,218,4,5,0,0.11968324,0
3549,253,8,9,0,0.14017084,0
8963,640,4,5,0,0.112873636,0
1586,113,5,6,0,0.06425731,0
8504,607,7,8,0,0.1039461,0
4672,333,11,12,0,0.09545806,0
4447,317,10,11,1,0.58553976,1
491,35,2,3,0,0.08270521,0
3996,285,7,8,0,0.3445693,0
2950,210,11,12,0,0.121012054,0
8513,608,2,3,0,0.08891031,0
3173,226,10,11,0,0.5784006,1
2217,158,6,7,0,0.15121876,0
7152,510,13,14,1,0.23381977,0
10090,720,11,12,0,0.12668183,0
12489,892,2,3,0,0.08329657,0
2996,214,1,2,0,0.06633284,0
9426,673,5,6,1,0.74475265,1
3617,258,6,7,0,0.1083642,0
10508,750,9,10,0,0.10071739,0
9978,712,11,12,1,0.9189162,1
11701,835,12,13,0,0.1125416,0
11367,811,14,15,1,0.92421097,1
13627,973,6,7,0,0.056766763,0
13302,950,3,4,0,0.12079029,0
678,48,7,8,0,0.27118146,0
4823,344,8,9,0,0.14364117,0
2517,179,12,13,0,0.16690971,0
3897,278,6,7,0,0.09603077,0
10903,778,12,13,0,0.14152353,0
11210,800,11,12,1,0.8370577,1
11802,843,1,2,0,0.19157325,0
4908,350,9,10,0,0.13040957,0
914,65,5,6,0,0.15890703,0
12663,904,8,9,0,0.20066121,0
11192,799,7,8,1,0.92146254,1
7695,549,10,11,0,0.062215406,0
7916,565,7,8,0,0.09731317,0
6272,448,1,2,0,0.062895596,0
8863,633,2,3,0,0.073718555,0
349,24,14,15,0,0.43011224,0
4199,299,14,15,0,0.1454808,0
2317,165,8,9,1,0.81438494,1
6688,477,11,12,0,0.06345086,0
6685,477,8,9,0,0.06576545,0
12528,894,13,14,0,0.13765153,0
4422,315,13,14,1,0.8436615,1
4965,354,10,11,0,0.0965266,0
10250,732,3,4,0,0.15251277,0
10491,749,6,7,0,0.11187114,0
6320,451,7,8,0,0.07101267,0
8056,575,7,8,0,0.2627329,0
4561,325,12,13,0,0.1502307,0
10246,731,13,14,0,0.10159313,0
9112,650,13,14,1,0.9352449,1
1384,98,13,14,0,0.11289435,0
7978,569,13,14,0,0.14121209,0
1115,79,10,11,0,0.21023487,0
9480,677,3,4,1,0.52724385,1
3720,265,11,12,0,0.107062556,0
7653,546,10,11,0,0.052604478,0
8635,616,12,13,0,0.089724384,0
2510,179,5,6,0,0.093891926,0
1982,141,9,10,1,0.25056022,0
12584,898,13,14,0,0.10277351,0
8099,578,8,9,0,0.0743908,0
10703,764,8,9,0,0.1319064,0
11836,845,7,8,1,0.6086426,1
11262,804,7,8,1,0.8795405,1
6601,471,8,9,0,0.052783273,0
12383,884,8,9,0,0.10496764,0
13440,960,1,2,1,0.5940404,1
2845,203,4,5,0,0.07312585,0
5753,410,14,15,0,0.06837708,0
8371,597,14,15,0,0.09914472,0
506,36,3,4,0,0.09899228,0
4632,330,13,14,1,0.7053471,1
7080,505,11,12,0,0.13128531,0
13586,970,7,8,0,0.13310626,0
4629,330,10,11,1,0.80846655,1
11992,856,9,10,0,0.15982902,0
12298,878,7,8,0,0.20523006,0
2270,162,3,4,0,0.1231404,0
9451,675,2,3,0,0.34136903,0
11098,792,11,12,0,0.645376,1
8115,579,10,11,0,0.10384157,0
9177,655,8,9,0,0.07865474,0
1385,98,14,15,0,0.11612022,0
11508,822,1,2,0,0.1427031,0
10851,775,2,3,0,0.14322768,0
13508,964,13,14,1,0.9233093,1
8404,600,5,6,0,0.07373259,0
2015,143,14,15,0,0.31182355,0
8352,596,9,10,1,0.9102529,1
1576,112,9,10,1,0.72936803,1
4275,305,6,7,0,0.081009135,0
7611,543,10,11,1,0.64233977,1
4480,320,1,2,0,0.08017899,0
4659,332,12,13,0,0.17578124,0
7289,520,10,11,0,0.13304137,0
3390,242,3,4,0,0.056746088,0
797,56,14,15,0,0.1369035,0
7420,530,1,2,0,0.24565355,0
828,59,3,4,0,0.07556216,0
3918,279,13,14,1,0.40813085,0
2952,210,13,14,0,0.14315586,0
8453,603,12,13,0,0.13726449,0
4750,339,5,6,0,0.08508002,0
52,3,11,12,0,0.09175466,0
11807,843,6,7,0,0.16805023,0
9930,709,5,6,0,0.09637333,0
5592,399,7,8,0,0.46494436,0
7661,547,4,5,0,0.056091942,0
7814,558,3,4,0,0.05647485,0
2157,154,2,3,0,0.09250176,0
13192,942,5,6,0,0.31802714,0
7771,555,2,3,1,0.28446868,0
1036,74,1,2,0,0.13233444,0
6669,476,6,7,0,0.048371322,0
11616,829,11,12,0,0.089335494,0
5177,369,12,13,1,0.93239087,1
13006,929,1,2,0,0.18517123,0
1937,138,6,7,0,0.09050282,0
6166,440,7,8,0,0.07480565,0
12797,914,2,3,0,0.077823676,0
8992,642,5,6,0,0.10636348,0
11561,825,12,13,1,0.8316357,1
5202,371,9,10,1,0.8672602,1
1040,74,5,6,0,0.16494262,0
12674,905,5,6,0,0.12993285,0
2569,183,8,9,0,0.12604743,0
12368,883,7,8,0,0.1450421,0
1713,122,6,7,0,0.08265913,0
7373,526,10,11,0,0.05421857,0
3937,281,4,5,0,0.09469133,0
4972,355,3,4,0,0.142078,0
12845,917,8,9,0,0.16199039,0
187,13,6,7,0,0.10124494,0
7001,500,2,3,0,0.063615434,0
5427,387,10,11,0,0.084504776,0
2692,192,5,6,0,0.10747484,0
5699,407,2,3,0,0.12827396,0
3185,227,8,9,0,0.08317555,0
4040,288,9,10,0,0.10748927,0
10325,737,8,9,0,0.15496452,0
10036,716,13,14,1,0.9139827,1
7746,553,5,6,0,0.054643057,0
699,49,14,15,0,0.10206749,0
10168,726,5,6,0,0.15462998,0
12191,870,12,13,1,0.9093337,1
3156,225,7,8,0,0.1048186,0
11873,848,2,3,0,0.2507541,0
4365,311,12,13,1,0.93742883,1
8023,573,2,3,0,0.1351277,0
11658,832,11,12,1,0.90081227,1
2896,206,13,14,0,0.11425227,0
1953,139,8,9,0,0.11093389,0
9653,689,8,9,0,0.09397499,0
10473,748,2,3,0,0.14258742,0
12739,909,14,15,1,0.8869401,1
11078,791,5,6,1,0.8305114,1
11226,801,13,14,1,0.7084563,1
11717,836,14,15,0,0.5239385,1
12043,860,4,5,0,0.14045903,0
6171,440,12,13,0,0.07461951,0
3713,265,4,5,0,0.07209302,0
10387,741,14,15,1,0.9185916,1
5853,418,2,3,1,0.8662601,1
7550,539,5,6,0,0.087410234,0
2493,178,2,3,0,0.0778602,0
1387,99,2,3,0,0.08256631,0
2108,150,9,10,0,0.36806044,0
1064,76,1,2,0,0.074883185,0
4239,302,12,13,0,0.22643884,0
6764,483,3,4,0,0.106066436,0
11739,838,8,9,0,0.0863842,0
2613,186,10,11,0,0.14952944,0
930,66,7,8,1,0.6805499,1
5984,427,7,8,1,0.91109157,1
9434,673,13,14,1,0.8687883,1
1118,79,13,14,0,0.19444674,0
8765,626,2,3,0,0.07275091,0
8310,593,9,10,0,0.13120115,0
11968,854,13,14,0,0.17041264,0
7997,571,4,5,0,0.23117238,0
11726,837,9,10,1,0.91062766,1
4147,296,4,5,0,0.11460135,0
7326,523,5,6,0,0.08103185,0
1273,90,14,15,0,0.09651186,0
8707,621,14,15,1,0.929991,1
3191,227,14,15,0,0.10812939,0
3392,242,5,6,0,0.05781617,0
9050,646,7,8,0,0.16065574,0
6081,434,6,7,1,0.87818617,1
177,12,10,11,1,0.816883,1
3295,235,6,7,0,0.07065698,0
7337,524,2,3,1,0.7396904,1
6487,463,6,7,0,0.06348524,0
7534,538,3,4,0,0.061466213,0
6438,459,13,14,0,0.31167313,0
3044,217,7,8,0,0.09253035,0
7032,502,5,6,0,0.15280539,0
6674,476,11,12,0,0.04898543,0
12407,886,4,5,0,0.2104499,0
12771,912,4,5,0,0.11334562,0
4483,320,4,5,0,0.08361169,0
6683,477,6,7,0,0.06778743,0
1768,126,5,6,0,0.09585133,0
459,32,12,13,1,0.9330837,1
13602,971,9,10,0,0.4798037,0
9028,644,13,14,1,0.93604285,1
10870,776,7,8,0,0.12857488,0
8688,620,9,10,0,0.101399675,0
2394,171,1,2,0,0.08300961,0
9749,696,6,7,1,0.84615827,1
7982,570,3,4,0,0.061102618,0
7739,552,12,13,0,0.203897,0
5340,381,7,8,0,0.101804286,0
2760,197,3,4,0,0.121707916,0
11540,824,5,6,0,0.12386814,0
12703,907,6,7,0,0.35624596,0
3097,221,4,5,0,0.07223033,0
1230,87,13,14,1,0.93198925,1
3596,256,13,14,0,0.30190745,0
3175,226,12,13,1,0.8993676,1
6027,430,8,9,0,0.16028611,0
8740,624,5,6,0,0.1225992,0
10454,746,11,12,1,0.9046413,1
10535,752,8,9,0,0.13035874,0
10915,779,10,11,1,0.9231739,1
3429,244,14,15,0,0.17174107,0
3882,277,5,6,0,0.06832979,0
348,24,13,14,0,0.5058685,1
1631,116,8,9,0,0.22405598,0
2511,179,6,7,0,0.114628784,0
8349,596,6,7,0,0.15785043,0
11849,846,6,7,0,0.10728334,0
2533,180,14,15,1,0.9060551,1
11154,796,11,12,0,0.09513393,0
8696,621,3,4,0,0.07965415,0
1696,121,3,4,0,0.10386866,0
13175,941,2,3,1,0.35814255,0
2340,167,3,4,0,0.08302012,0
7726,551,13,14,0,0.069193944,0
6602,471,9,10,0,0.05292084,0
6556,468,5,6,0,0.04934136,0
1434,102,7,8,1,0.59806937,1
3303,235,14,15,1,0.9014781,1
2886,206,3,4,0,0.06815818,0
10054,718,3,4,0,0.08925559,0
6280,448,9,10,0,0.06020679,0
109,7,12,13,1,0.9262995,1
11381,812,14,15,0,0.5100198,1
6871,490,12,13,0,0.0582749,0
10000,714,5,6,0,0.32515755,0
6812,486,9,10,0,0.08117386,0
6460,461,7,8,0,0.21802047,0
10607,757,10,11,0,0.11349208,0
4506,321,13,14,0,0.108329475,0
10209,729,4,5,1,0.3670008,0
7680,548,9,10,1,0.92976487,1
3215,229,10,11,0,0.17631114,0
9761,697,4,5,0,0.109573744,0
10080,720,1,2,0,0.16859205,0
531,37,14,15,1,0.9276575,1
4202,300,3,4,0,0.09311773,0
12173,869,8,9,0,0.24583338,0
12401,885,12,13,1,0.8878288,1
10455,746,12,13,1,0.91645736,1
8387,599,2,3,0,0.087486416,0
9665,690,6,7,1,0.89633495,1
3722,265,13,14,0,0.11592352,0
3292,235,3,4,0,0.059818067,0
2440,174,5,6,0,0.0987082,0
8157,582,10,11,0,0.078035116,0
292,20,13,14,0,0.1611685,0
8808,629,3,4,0,0.0763275,0
4240,302,13,14,0,0.25387836,0
12690,906,7,8,1,0.81255734,1
519,37,2,3,0,0.06495903,0
8497,606,14,15,0,0.17124759,0
4727,337,10,11,0,0.13462524,0
1826,130,7,8,0,0.11822414,0
11449,817,12,13,1,0.68206984,1
10633,759,8,9,1,0.7613234,1
7562,540,3,4,1,0.5337088,1
864,61,11,12,0,0.59395885,1
1989,142,2,3,0,0.083194524,0
7867,561,14,15,1,0.73034,1
959,68,8,9,0,0.07190358,0
5938,424,3,4,1,0.8511313,1
2629,187,12,13,0,0.2238233,0
2086,149,1,2,0,0.07190256,0
10207,729,2,3,1,0.36003372,0
4347,310,8,9,0,0.20398045,0
6627,473,6,7,0,0.05302962,0
294,21,1,2,0,0.073033884,0
2271,162,4,5,0,0.11700073,0
11714,836,11,12,0,0.57321984,1
11375,812,8,9,0,0.51183075,1
4304,307,7,8,0,0.076944984,0
5807,414,12,13,1,0.9325248,1
8791,627,14,15,1,0.80091757,1
4534,323,13,14,1,0.2772817,0
11897,849,12,13,0,0.13210912,0
13429,959,4,5,0,0.15099213,0
2970,212,3,4,0,0.09985062,0
13631,973,10,11,0,0.057708777,0
11452,818,1,2,0,0.39252552,0
444,31,11,12,1,0.8813262,1
10488,749,3,4,0,0.12741674,0
2635,188,4,5,0,0.09152733,0
10187,727,10,11,0,0.112649016,0
9224,658,13,14,0,0.26404902,0
11796,842,9,10,1,0.705282,1
4914,351,1,2,0,0.0786707,0
8529,609,4,5,0,0.09556183,0
10124,723,3,4,0,0.50498945,1
169,12,2,3,0,0.071976416,0
11765,840,6,7,1,0.56103235,1
10198,728,7,8,1,0.8989896,1
4522,323,1,2,0,0.09449563,0
3033,216,10,11,0,0.12761497,0
6021,430,2,3,0,0.15356447,0
12270,876,7,8,1,0.91861314,1
9250,660,11,12,1,0.93004656,1
9146,653,5,6,0,0.119013086,0
11929,852,2,3,0,0.22209975,0
9344,667,7,8,1,0.9072889,1
4034,288,3,4,0,0.15838061,0
9053,646,10,11,0,0.41718245,0
12892,920,13,14,1,0.9274941,1
362,25,13,14,1,0.91712415,1
12131,866,8,9,1,0.87931323,1
7868,562,1,2,0,0.12655412,0
2269,162,2,3,0,0.11912842,0
8671,619,6,7,1,0.28603822,0
9369,669,4,5,0,0.22445475,0
194,13,13,14,0,0.47781038,0
115,8,4,5,0,0.090956114,0
313,22,6,7,0,0.074138395,0
12485,891,12,13,1,0.9402809,1
7197,514,2,3,0,0.07383144,0
667,47,10,11,1,0.91311264,1
5621,401,8,9,0,0.70073044,1
13566,969,1,2,1,0.42316648,0
13404,957,7,8,1,0.8582367,1
561,40,2,3,0,0.14854705,0
9216,658,5,6,0,0.10067684,0
5948,424,13,14,1,0.92164236,1
7254,518,3,4,0,0.054264642,0
2452,175,3,4,0,0.05514612,0
4616,329,11,12,0,0.10319197,0
11282,805,13,14,1,0.93670154,1
6024,430,5,6,0,0.1451445,0
13442,960,3,4,1,0.7795887,1
6289,449,4,5,0,0.09559056,0
3265,233,4,5,0,0.098520994,0
11254,803,13,14,1,0.65411067,1
1984,141,11,12,1,0.28986323,0
9632,688,1,2,0,0.27641568,0
1773,126,10,11,0,0.29333496,0
2501,178,10,11,0,0.23205289,0
7120,508,9,10,0,0.14529154,0
5908,422,1,2,0,0.07040212,0
7013,500,14,15,0,0.06099781,0
3523,251,10,11,0,0.1350089,0
7715,551,2,3,0,0.05740584,0
13113,936,10,11,1,0.9101946,1
1168,83,7,8,1,0.4237948,0
8578,612,11,12,0,0.08785731,0
7024,501,11,12,0,0.10168588,0
10830,773,9,10,1,0.9288229,1
3337,238,6,7,0,0.075657174,0
3680,262,13,14,1,0.68043196,1
12887,920,8,9,1,0.90457696,1
2152,153,11,12,0,0.18325488,0
969,69,4,5,0,0.14645708,0
5770,412,3,4,0,0.06045994,0
11691,835,2,3,0,0.1598248,0
7298,521,5,6,0,0.25850838,0
10749,767,12,13,1,0.92496926,1
2879,205,10,11,0,0.055798426,0
12760,911,7,8,1,0.6245854,1
2240,160,1,2,0,0.081019685,0
8874,633,13,14,0,0.34578764,0
8087,577,10,11,0,0.44353774,0
3871,276,8,9,0,0.085518904,0
6246,446,3,4,0,0.08044676,0
3848,274,13,14,0,0.38376102,0
4858,347,1,2,0,0.13542546,0
5669,404,14,15,1,0.93302464,1
6864,490,5,6,0,0.060441688,0
9532,680,13,14,0,0.3973776,0
3587,256,4,5,0,0.07028238,0
11918,851,5,6,0,0.14276204,0
3733,266,10,11,0,0.1447458,0
12170,869,5,6,0,0.117630035,0
5544,396,1,2,0,0.0683367,0
9649,689,4,5,0,0.11174382,0
6248,446,5,6,0,0.07690725,0
9346,667,9,10,1,0.91293746,1
11580,827,3,4,0,0.2922984,0
4846,346,3,4,0,0.10500001,0
67,4,12,13,0,0.14196418,0
10789,770,10,11,1,0.804577,1
450,32,3,4,0,0.06945127,0
12966,926,3,4,1,0.90414876,1
6136,438,5,6,0,0.058974385,0
12187,870,8,9,1,0.9203433,1
13732,980,13,14,0,0.070885934,0
1325,94,10,11,1,0.717954,1
4345,310,6,7,0,0.1602022,0
11264,804,9,10,1,0.91178954,1
11323,808,12,13,1,0.92961264,1
3647,260,8,9,0,0.058009308,0
5355,382,8,9,0,0.084731594,0
10705,764,10,11,0,0.2120761,0
9795,699,10,11,0,0.33665836,0
5121,365,12,13,1,0.53418416,1
3091,220,12,13,0,0.07997337,0
3589,256,6,7,0,0.076286584,0
13367,954,12,13,1,0.8843206,1
10051,717,14,15,0,0.27986133,0
9586,684,11,12,1,0.6410291,1
11161,797,4,5,1,0.7429139,1
12948,924,13,14,1,0.89576596,1
8996,642,9,10,0,0.34571043,0
6118,437,1,2,0,0.18677251,0
12345,881,12,13,1,0.92546654,1
11727,837,10,11,1,0.9045831,1
6461,461,8,9,0,0.24072644,0
8282,591,9,10,0,0.31638426,0
1762,125,13,14,0,0.21883419,0
4589,327,12,13,0,0.10266254,0
8648,617,11,12,1,0.92657256,1
6293,449,8,9,0,0.09679759,0
7748,553,7,8,0,0.053418864,0
12722,908,11,12,1,0.91046053,1
1117,79,12,13,0,0.20585197,0
3528,252,1,2,0,0.068712175,0
9468,676,5,6,1,0.8997546,1
9131,652,4,5,0,0.08246031,0
11791,842,4,5,0,0.15268701,0
1660,118,9,10,0,0.06289302,0
5420,387,3,4,0,0.13802677,0
10878,777,1,2,0,0.10294516,0
8232,588,1,2,0,0.07291895,0
6943,495,14,15,0,0.08008172,0
12076,862,9,10,0,0.3208867,0
6811,486,8,9,0,0.082359895,0
7435,531,2,3,0,0.06946998,0
11733,838,2,3,0,0.113384865,0
10208,729,3,4,1,0.3625381,0
3856,275,7,8,0,0.10564425,0
4059,289,14,15,0,0.12286205,0
5721,408,10,11,1,0.9285458,1
7594,542,7,8,0,0.101429336,0
10752,768,1,2,0,0.106356345,0
12092,863,11,12,0,0.18857495,0
1515,108,4,5,0,0.07067132,0
13530,966,7,8,1,0.8372364,1
7863,561,10,11,1,0.7683179,1
385,27,8,9,0,0.09332878,0
10839,774,4,5,0,0.06605204,0
2379,169,14,15,0,0.5933119,1
10183,727,6,7,0,0.107537016,0
10813,772,6,7,1,0.89444834,1
6673,476,10,11,0,0.048743147,0
12709,907,12,13,0,0.263332,0
9368,669,3,4,0,0.22946407,0
10858,775,9,10,1,0.8520274,1
4635,331,2,3,1,0.42476586,0
4234,302,7,8,0,0.31979874,0
3018,215,9,10,0,0.13994446,0
235,16,12,13,0,0.11596426,0
9561,682,14,15,0,0.42294994,0
2838,202,11,12,0,0.07483665,0
10996,785,7,8,0,0.10967334,0
8294,592,7,8,0,0.36823323,0
1783,127,6,7,0,0.07789336,0
8325,594,10,11,1,0.86821973,1
1199,85,10,11,0,0.16831432,0
11860,847,3,4,0,0.08001818,0
6061,432,14,15,0,0.076659285,0
10688,763,7,8,1,0.8969198,1
9873,705,4,5,0,0.41992733,0
6642,474,7,8,0,0.05975823,0
10745,767,8,9,1,0.9186895,1
4291,306,8,9,1,0.48755354,0
3521,251,8,9,0,0.116040386,0
758,54,3,4,0,0.09975937,0
10825,773,4,5,1,0.8439777,1
12838,917,1,2,0,0.21471255,0
10550,753,9,10,0,0.51142263,1
11736,838,5,6,0,0.092713945,0
9275,662,8,9,0,0.29690495,0
771,55,2,3,0,0.07102462,0
3963,283,2,3,0,0.06595865,0
9543,681,10,11,0,0.27692005,0
3324,237,7,8,1,0.5638188,1
8792,628,1,2,0,0.058821365,0
12331,880,12,13,1,0.94234484,1
6906,493,5,6,0,0.07853614,0
10072,719,7,8,0,0.15001163,0
12420,887,3,4,0,0.13588157,0
635,45,6,7,0,0.09879706,0
2124,151,11,12,0,0.3401452,0
1464,104,9,10,1,0.8757598,1
12574,898,3,4,0,0.13730292,0
4923,351,10,11,0,0.41210148,0
10916,779,11,12,1,0.92371583,1
5611,400,12,13,1,0.14758778,0
13382,955,13,14,0,0.74138856,1
3089,220,10,11,0,0.07002028,0
10511,750,12,13,0,0.09866254,0
12683,905,14,15,0,0.10682326,0
12712,908,1,2,0,0.09141347,0
415,29,10,11,0,0.3234084,0
4376,312,9,10,0,0.11241121,0
10440,745,11,12,0,0.11307574,0
11686,834,11,12,0,0.26755306,0
12380,884,5,6,0,0.112897724,0
13141,938,10,11,0,0.08899179,0
1709,122,2,3,0,0.07916292,0
7096,506,13,14,0,0.06851064,0
764,54,9,10,0,0.1334404,0
1523,108,12,13,1,0.9222741,1
12335,881,2,3,0,0.12308566,0
13475,962,8,9,0,0.15442272,0
6955,496,12,13,0,0.051722065,0
9540,681,7,8,0,0.23527086,0
13584,970,5,6,0,0.14341441,0
10582,755,13,14,1,0.683498,1
9826,701,13,14,0,0.10434625,0
1555,111,2,3,0,0.092174314,0
10255,732,8,9,0,0.098466255,0
4168,297,11,12,0,0.13121387,0
7087,506,4,5,0,0.07541707,0
2723,194,8,9,0,0.17213434,0
2864,204,9,10,1,0.6136662,1
10274,733,13,14,1,0.6401046,1
6806,486,3,4,0,0.093619436,0
11362,811,9,10,1,0.91418546,1
9799,699,14,15,1,0.8842099,1
12508,893,7,8,0,0.13900894,0
3183,227,6,7,0,0.07585387,0
9684,691,11,12,0,0.1658171,0
5453,389,8,9,0,0.13550392,0
12148,867,11,12,1,0.85977185,1
2477,176,14,15,0,0.18013826,0
5678,405,9,10,0,0.15928048,0
1,0,2,3,0,0.07849986,0
1931,137,14,15,0,0.10903699,0
8196,585,7,8,0,0.12261325,0
522,37,5,6,0,0.069915585,0
11084,791,11,12,1,0.9311277,1
8480,605,11,12,1,0.9316328,1
22,1,9,10,1,0.8157672,1
3677,262,10,11,1,0.30440068,0
7404,528,13,14,1,0.67302877,1
10836,774,1,2,0,0.067124166,0
8033,573,12,13,0,0.10222087,0
12438,888,7,8,1,0.93076116,1
5972,426,9,10,0,0.08022428,0
8835,631,2,3,0,0.10144879,0
12933,923,12,13,1,0.92712814,1
8168,583,7,8,0,0.20463406,0
1727,123,6,7,0,0.07738129,0
1698,121,5,6,0,0.09851251,0
13522,965,13,14,1,0.7619842,1
12968,926,5,6,1,0.90915346,1
8488,606,5,6,0,0.10098369,0
3636,259,11,12,0,0.061317366,0
1562,111,9,10,0,0.10857544,0
12477,891,4,5,1,0.6148987,1
639,45,10,11,0,0.088130325,0
4494,321,1,2,0,0.0895638,0
11499,821,6,7,0,0.4258,0
3430,245,1,2,0,0.080478616,0
4696,335,7,8,0,0.08570564,0
4808,343,7,8,0,0.1515204,0
11460,818,9,10,1,0.78230363,1
11848,846,5,6,0,0.10991508,0
4514,322,7,8,0,0.08019303,0
11414,815,5,6,1,0.8760741,1
604,43,3,4,0,0.086989984,0
12967,926,4,5,1,0.9096678,1
6103,435,14,15,0,0.11377126,0
4998,357,1,2,0,0.08274592,0
9303,664,8,9,0,0.18622209,0
3460,247,3,4,0,0.065426074,0
2137,152,10,11,0,0.26211327,0
11377,812,10,11,0,0.5600848,1
11151,796,8,9,0,0.099268235,0
13494,963,13,14,1,0.9241423,1
11581,827,4,5,0,0.5254505,1
7752,553,11,12,0,0.053448565,0
12763,911,10,11,1,0.87696624,1
8230,587,13,14,1,0.9337075,1
3520,251,7,8,0,0.09840855,0
10939,781,6,7,0,0.08104779,0
10593,756,10,11,0,0.62958604,1
5859,418,8,9,1,0.9057671,1
1551,110,12,13,0,0.23541178,0
13326,951,13,14,1,0.90931576,1
1198,85,9,10,0,0.17051925,0
13070,933,9,10,1,0.89058167,1
2891,206,8,9,0,0.07969956,0
2619,187,2,3,0,0.082231954,0
12359,882,12,13,0,0.2616693,0
2048,146,5,6,0,0.078573294,0
9901,707,4,5,0,0.091826305,0
1351,96,8,9,1,0.6500205,1
950,67,13,14,0,0.40197143,0
1311,93,10,11,0,0.09096422,0
5191,370,12,13,1,0.90173686,1
7314,522,7,8,0,0.0522036,0
11398,814,3,4,0,0.14830638,0
6712,479,7,8,0,0.064714946,0
3615,258,4,5,0,0.09280508,0
11298,807,1,2,0,0.099507846,0
6870,490,11,12,0,0.05812601,0
3973,283,12,13,0,0.44285008,0
2923,208,12,13,0,0.09600949,0
4567,326,4,5,0,0.16662893,0
2469,176,6,7,0,0.1427531,0
11934,852,7,8,0,0.1782828,0
8166,583,5,6,0,0.09113391,0
12734,909,9,10,1,0.8269599,1
7209,514,14,15,0,0.06303151,0
11105,793,4,5,0,0.26587537,0
4277,305,8,9,0,0.13331027,0
8234,588,3,4,0,0.07689713,0
58,4,3,4,0,0.0847563,0
11496,821,3,4,0,0.15482162,0
1121,80,2,3,0,0.0796877,0
10335,738,4,5,0,0.20216864,0
11248,803,7,8,1,0.52844477,1
10167,726,4,5,0,0.15699384,0
8390,599,5,6,0,0.108267024,0
7136,509,11,12,0,0.10560433,0
2426,173,5,6,0,0.09398697,0
8319,594,4,5,0,0.06875695,0
5684,406,1,2,0,0.20067267,0
12108,864,13,14,0,0.1954433,0
11123,794,8,9,0,0.11127893,0
13087,934,12,13,0,0.11087705,0
7400,528,9,10,1,0.71201444,1
12619,901,6,7,1,0.91922265,1
8024,573,3,4,0,0.12963533,0
2561,182,14,15,1,0.8412561,1
1001,71,8,9,0,0.06399702,0
367,26,4,5,0,0.057692625,0
8554,611,1,2,0,0.07478524,0
4354,311,1,2,0,0.11190158,0
6470,462,3,4,0,0.19845991,0
2605,186,2,3,0,0.10587381,0
9819,701,6,7,0,0.099874236,0
11071,790,12,13,0,0.23345955,0
4877,348,6,7,0,0.1464025,0
3280,234,5,6,0,0.123520136,0
8547,610,8,9,0,0.14262536,0
13267,947,10,11,0,0.19665396,0
8138,581,5,6,0,0.06975466,0
2140,152,13,14,0,0.24884173,0
3977,284,2,3,0,0.058757093,0
6736,481,3,4,0,0.07841501,0
5956,425,7,8,0,0.11482469,0
6378,455,9,10,0,0.28040582,0
12884,920,5,6,1,0.6083026,1
1335,95,6,7,0,0.07235188,0
9413,672,6,7,1,0.65189487,1
3153,225,4,5,0,0.10916059,0
7140,510,1,2,1,0.24261343,0
8726,623,5,6,0,0.077201754,0
13040,931,7,8,1,0.3048673,0
9151,653,10,11,1,0.5783626,1
13034,931,1,2,1,0.6112377,1
7955,568,4,5,0,0.09166604,0
10421,744,6,7,0,0.10177766,0
416,29,11,12,0,0.2770106,0
2897,206,14,15,0,0.11266854,0
978,69,13,14,0,0.1746011,0
9403,671,10,11,0,0.25712642,0
34,2,7,8,0,0.06290615,0
12721,908,10,11,1,0.9068685,1
1007,71,14,15,0,0.10240488,0
10160,725,11,12,1,0.885014,1
9697,692,10,11,0,0.46731457,0
4670,333,9,10,0,0.090549424,0
13540,967,3,4,0,0.1954676,0
9034,645,5,6,0,0.21403968,0
6964,497,7,8,0,0.051510725,0
11340,810,1,2,0,0.29114386,0
4526,323,5,6,0,0.19851485,0
10464,747,7,8,0,0.16822192,0
8565,611,12,13,0,0.24985674,0
7659,547,2,3,0,0.061251096,0
13201,942,14,15,0,0.34824055,0
1708,122,1,2,0,0.07555004,0
12183,870,4,5,1,0.7584052,1
766,54,11,12,0,0.1428178,0
11572,826,9,10,0,0.15574843,0
10905,778,14,15,0,0.1401429,0
4615,329,10,11,0,0.10177728,0
714,51,1,2,0,0.08327561,0
5668,404,13,14,1,0.93289816,1
962,68,11,12,0,0.103709675,0
13572,969,7,8,1,0.79552656,1
3122,223,1,2,0,0.11297779,0
2182,155,13,14,0,0.25113907,0
2688,192,1,2,0,0.08035592,0
10258,732,11,12,0,0.1056877,0
3901,278,10,11,1,0.48155802,0
2191,156,8,9,0,0.089868814,0
12778,912,11,12,0,0.3514072,0
1398,99,13,14,1,0.8714056,1
7548,539,3,4,0,0.093743406,0
7716,551,3,4,0,0.056406513,0
7945,567,8,9,1,0.94827837,1
9060,647,3,4,0,0.0683563,0
6214,443,13,14,1,0.92919976,1
6204,443,3,4,1,0.9091061,1
12681,905,12,13,0,0.10875066,0
13315,951,2,3,1,0.5991692,1
9157,654,2,3,0,0.073948175,0
4161,297,4,5,0,0.08972103,0
9355,668,4,5,1,0.88776284,1
9703,693,2,3,0,0.24471363,0
691,49,6,7,0,0.07072683,0
3385,241,12,13,0,0.099704586,0
8975,641,2,3,1,0.7888151,1
9029,644,14,15,1,0.929875,1
707,50,8,9,0,0.08990962,0
10843,774,8,9,0,0.076309696,0
2294,163,13,14,1,0.86802,1
3734,266,11,12,0,0.1527969,0
4992,356,9,10,1,0.32778686,0
2046,146,3,4,0,0.072046615,0
8603,614,8,9,0,0.10802008,0
5495,392,8,9,1,0.8673972,1
6767,483,6,7,0,0.094190046,0
11404,814,9,10,1,0.7730783,1
12602,900,3,4,0,0.15048565,0
11318,808,7,8,1,0.88519186,1
10531,752,4,5,0,0.14797509,0
4761,340,2,3,0,0.08228656,0
3775,269,10,11,0,0.09734964,0
7256,518,5,6,0,0.05202872,0
9789,699,4,5,0,0.08414759,0
12654,903,13,14,0,0.09338456,0
3100,221,7,8,0,0.11525967,0
11895,849,10,11,0,0.13631837,0
12908,922,1,2,0,0.11542013,0
12507,893,6,7,0,0.10849104,0
10555,753,14,15,0,0.4593464,0
3350,239,5,6,0,0.11193393,0
12491,892,4,5,0,0.109534524,0
4322,308,11,12,1,0.46732298,0
11080,791,7,8,1,0.91914,1
2021,144,6,7,0,0.062365983,0
2516,179,11,12,0,0.15803991,0
9417,672,10,11,1,0.7534796,1
316,22,9,10,0,0.085849024,0
2351,167,14,15,1,0.9296016,1
12140,867,3,4,0,0.3287894,0
8793,628,2,3,0,0.05893079,0
281,20,2,3,0,0.081104554,0
357,25,8,9,1,0.6403752,1
9308,664,13,14,0,0.2340898,0
369,26,6,7,0,0.05997718,0
7802,557,5,6,0,0.24976747,0
3469,247,12,13,0,0.09182977,0
1282,91,9,10,0,0.08318485,0
2344,167,7,8,0,0.34316745,0
8879,634,4,5,0,0.08268079,0
11231,802,4,5,0,0.14491084,0
5387,384,12,13,0,0.29896587,0
11227,801,14,15,1,0.7054236,1
822,58,11,12,0,0.11934661,0
11402,814,7,8,1,0.65611875,1
5002,357,5,6,0,0.14406908,0
5591,399,6,7,0,0.27482638,0
13618,972,11,12,0,0.057202652,0
5332,380,13,14,1,0.5915031,1
10533,752,6,7,0,0.12470601,0
2642,188,11,12,0,0.11725572,0
12172,869,7,8,0,0.20348714,0
8825,630,6,7,0,0.13734517,0
8229,587,12,13,1,0.931234,1
6555,468,4,5,0,0.04986315,0
805,57,8,9,0,0.08991496,0
9312,665,3,4,0,0.29321077,0
6793,485,4,5,0,0.06349842,0
8182,584,7,8,0,0.082280606,0
10040,717,3,4,0,0.3666303,0
4864,347,7,8,0,0.1153298,0
11762,840,3,4,0,0.13448805,0
1004,71,11,12,0,0.08626763,0
6226,444,11,12,1,0.9322655,1
3588,256,5,6,0,0.070859596,0
4158,297,1,2,0,0.07853321,0
6705,478,14,15,0,0.12978595,0
12769,912,2,3,0,0.08372121,0
6117,436,14,15,0,0.06293082,0
8219,587,2,3,0,0.06726125,0
4738,338,7,8,0,0.07469503,0
7829,559,4,5,1,0.7805638,1
2196,156,13,14,0,0.10150613,0
8852,632,5,6,0,0.066836916,0
9152,653,11,12,1,0.5203963,1
8610,615,1,2,0,0.09614101,0
5034,359,9,10,0,0.12049225,0
953,68,2,3,0,0.058370184,0
4072,290,13,14,1,0.7929718,1
7116,508,5,6,0,0.16462652,0
7698,549,13,14,0,0.06259478,0
8242,588,11,12,1,0.9330894,1
632,45,3,4,0,0.08829058,0
8811,629,6,7,0,0.1098397,0
3935,281,2,3,0,0.083816536,0
11031,787,14,15,0,0.1274872,0
1249,89,4,5,0,0.0813548,0
710,50,11,12,0,0.09411453,0
7428,530,9,10,0,0.19119264,0
4117,294,2,3,0,0.05863941,0
7088,506,5,6,0,0.07298812,0
4303,307,6,7,0,0.07987293,0
6462,461,9,10,0,0.23591232,0
12661,904,6,7,0,0.21933128,0
13392,956,9,10,1,0.9158653,1
6740,481,7,8,0,0.07095251,0
12146,867,9,10,1,0.8788705,1
8253,589,8,9,0,0.08863123,0
5883,420,4,5,0,0.09086888,0
1191,85,2,3,0,0.080255,0
5601,400,2,3,0,0.09568323,0
7981,570,2,3,0,0.061292805,0
9097,649,12,13,1,0.91022223,1
877,62,10,11,1,0.5225671,1
11444,817,7,8,0,0.39675483,0
7751,553,10,11,0,0.053293556,0
8739,624,4,5,0,0.10556914,0
83,5,14,15,0,0.18889369,0
4432,316,9,10,0,0.17154747,0
7158,511,5,6,0,0.09321516,0
5576,398,5,6,0,0.08977611,0
6815,486,12,13,0,0.07892619,0
13324,951,11,12,1,0.8913694,1
6411,457,14,15,0,0.08654989,0
8515,608,4,5,0,0.105619945,0
4811,343,10,11,0,0.14756517,0
2717,194,2,3,0,0.0767862,0
12410,886,7,8,0,0.18890445,0
12379,884,4,5,0,0.12101415,0
8871,633,10,11,0,0.4109163,0
12705,907,8,9,0,0.2979376,0
2233,159,8,9,0,0.12026675,0
4991,356,8,9,0,0.14649007,0
11048,789,3,4,0,0.32404375,0
10689,763,8,9,1,0.90978676,1
7052,503,11,12,0,0.119175136,0
3201,228,10,11,0,0.42061183,0
137,9,12,13,0,0.154841,0
12177,869,12,13,0,0.29812112,0
6503,464,8,9,0,0.094325565,0
1541,110,2,3,0,0.07878577,0
9172,655,3,4,0,0.06434128,0
2900,207,3,4,0,0.058695212,0
13134,938,3,4,0,0.08785938,0
11517,822,10,11,1,0.9264206,1
7856,561,3,4,1,0.35932302,0
7787,556,4,5,0,0.07597094,0
1389,99,4,5,0,0.08999415,0
2436,174,1,2,0,0.07267613,0
2496,178,5,6,0,0.092016146,0
13359,954,4,5,1,0.9200778,1
7476,534,1,2,0,0.27877882,0
5655,403,14,15,0,0.06895334,0
2888,206,5,6,0,0.070418894,0
7438,531,5,6,0,0.08393175,0
4318,308,7,8,1,0.31996164,0
38,2,11,12,0,0.30968693,0
7109,507,12,13,0,0.4474419,0
12490,892,3,4,0,0.092680395,0
2187,156,4,5,0,0.09047942,0
12840,917,3,4,0,0.2042171,0
1501,107,4,5,0,0.055098772,0
1526,109,1,2,0,0.05967899,0
2116,151,3,4,0,0.121308,0
2905,207,8,9,0,0.058507998,0
8828,630,9,10,0,0.29691115,0
8004,571,11,12,0,0.18453757,0
9693,692,6,7,0,0.4159147,0
1847,131,14,15,1,0.8320347,1
12754,911,1,2,0,0.08297161,0
10929,780,10,11,1,0.92643464,1
9541,681,8,9,0,0.23570725,0
6309,450,10,11,1,0.46055365,0
3167,226,4,5,0,0.06279021,0
7413,529,8,9,0,0.0964111,0
5435,388,4,5,0,0.10879946,0
7071,505,2,3,0,0.16964073,0
5961,425,12,13,0,0.13630503,0
9314,665,5,6,1,0.7102013,1
8867,633,6,7,0,0.11543764,0
361,25,12,13,1,0.9190341,1
8560,611,7,8,0,0.2193193,0
2357,168,6,7,0,0.11481978,0
13438,959,13,14,0,0.12283007,0
5027,359,2,3,0,0.15829392,0
11708,836,5,6,0,0.1345069,0
4359,311,6,7,1,0.85278386,1
4748,339,3,4,0,0.107391395,0
4054,289,9,10,0,0.08617051,0
13101,935,12,13,1,0.7846949,1
5128,366,5,6,0,0.07844117,0
547,39,2,3,0,0.07695897,0
7961,568,10,11,0,0.15539782,0
2592,185,3,4,1,0.88293153,1
4967,354,12,13,0,0.1018173,0
1782,127,5,6,0,0.0701929,0
462,33,1,2,0,0.075310394,0
11601,828,10,11,0,0.18921365,0
9852,703,11,12,1,0.8125898,1
7009,500,10,11,0,0.06087567,0
7623,544,8,9,0,0.06022905,0
8382,598,11,12,1,0.73279333,1
8729,623,8,9,0,0.23224881,0
3579,255,10,11,0,0.14213477,0
12818,915,9,10,1,0.8860422,1
433,30,14,15,1,0.8358586,1
11600,828,9,10,0,0.183334,0
2478,177,1,2,0,0.0716992,0
12822,915,13,14,1,0.9105429,1
11779,841,6,7,0,0.16444914,0
8601,614,6,7,0,0.08635678,0
10228,730,9,10,0,0.20314008,0
2574,183,13,14,0,0.1456237,0
681,48,10,11,1,0.9118734,1
5514,393,13,14,1,0.39909196,0
3452,246,9,10,0,0.09053778,0
437,31,4,5,0,0.07211252,0
5251,375,2,3,0,0.13311219,0
8620,615,11,12,0,0.12810597,0
7920,565,11,12,0,0.092545174,0
12635,902,8,9,1,0.93185663,1
13194,942,7,8,0,0.31371027,0
4093,292,6,7,0,0.06047082,0
9943,710,4,5,1,0.8581464,1
5125,366,2,3,0,0.081491485,0
10398,742,11,12,0,0.18952248,0
6818,487,1,2,0,0.10214465,0
7714,551,1,2,0,0.05757171,0
12678,905,9,10,0,0.114438705,0
13019,929,14,15,0,0.13936666,0
9019,644,4,5,0,0.08109402,0
11421,815,12,13,1,0.93290645,1
5403,385,14,15,1,0.9079992,1
8743,624,8,9,0,0.34109434,0
12448,889,3,4,0,0.17254487,0
5745,410,6,7,0,0.06910267,0
9307,664,12,13,0,0.24560007,0
878,62,11,12,1,0.629279,1
11419,815,10,11,1,0.9294528,1
2551,182,4,5,0,0.079959735,0
5433,388,2,3,0,0.10912356,0
6537,466,14,15,0,0.08347978,0
7825,558,14,15,0,0.062667966,0
2696,192,9,10,0,0.15058051,0
9337,666,14,15,1,0.8748624,1
7492,535,3,4,0,0.055970434,0
11590,827,13,14,1,0.9365865,1
5776,412,9,10,0,0.06274193,0
8594,613,13,14,0,0.296369,0
6260,447,3,4,0,0.06555662,0
12216,872,9,10,0,0.09573785,0
9891,706,8,9,0,0.24159783,0
4942,353,1,2,0,0.08373093,0
250,17,13,14,0,0.1016709,0
8690,620,11,12,0,0.39128458,0
10011,715,2,3,1,0.56075126,1
2374,169,9,10,0,0.6299403,1
3895,278,4,5,0,0.07794679,0
4191,299,6,7,0,0.081704944,0
4621,330,2,3,0,0.08480179,0
6149,439,4,5,0,0.08693795,0
3599,257,2,3,0,0.07347011,0
2749,196,6,7,0,0.120366514,0
12957,925,8,9,0,0.19236475,0
1755,125,6,7,0,0.16232255,0
3255,232,8,9,0,0.17095174,0
9907,707,10,11,0,0.09871668,0
4055,289,10,11,0,0.09515323,0
12374,883,13,14,0,0.12655888,0
2072,148,1,2,0,0.08221509,0
10509,750,10,11,0,0.099540435,0
40,2,13,14,1,0.8356566,1
5080,362,13,14,1,0.93401384,1
4363,311,10,11,1,0.9334546,1
11767,840,8,9,1,0.82216734,1
2083,148,12,13,0,0.2827914,0
1457,104,2,3,0,0.07888438,0
1841,131,8,9,1,0.50101113,1
7613,543,12,13,1,0.6483267,1
6816,486,13,14,0,0.07848113,0
11524,823,3,4,0,0.12922388,0
6076,434,1,2,0,0.20005663,0
661,47,4,5,0,0.08164393,0
10427,744,12,13,0,0.10865298,0
10476,748,5,6,0,0.18845801,0
3782,270,3,4,0,0.057163,0
6551,467,14,15,0,0.050547283,0
13188,942,1,2,0,0.2409852,0
3376,241,3,4,0,0.056668494,0
7170,512,3,4,0,0.052155454,0
5032,359,7,8,0,0.12366456,0
5263,375,14,15,0,0.10288434,0
2596,185,7,8,1,0.89631045,1
1667,119,2,3,0,0.07395181,0
12816,915,7,8,1,0.7879214,1
7906,564,11,12,1,0.63091063,1
8389,599,4,5,0,0.10114761,0
9775,698,4,5,0,0.19513695,0
10528,752,1,2,0,0.24901266,0
3966,283,5,6,0,0.072652526,0
12341,881,8,9,1,0.89590496,1
4975,355,6,7,0,0.52475464,1
6693,478,2,3,0,0.17754781,0
4470,319,5,6,0,0.0824301,0
9895,706,12,13,0,0.3246828,0
6016,429,11,12,1,0.77807176,1
5474,391,1,2,0,0.07692424,0
1604,114,9,10,0,0.28095266,0
1237,88,6,7,0,0.09398489,0
7131,509,6,7,0,0.1148449,0
4324,308,13,14,1,0.5747381,1
1406,100,7,8,0,0.14015624,0
6254,446,11,12,0,0.07804941,0
6409,457,12,13,0,0.07683289,0
5378,384,3,4,0,0.09247676,0
4412,315,3,4,0,0.08176131,0
12589,899,4,5,0,0.10380613,0
4255,303,14,15,0,0.114825785,0
3024,216,1,2,0,0.07830631,0
11570,826,7,8,0,0.14989758,0
6638,474,3,4,0,0.06442179,0
8885,634,10,11,1,0.91917175,1
5249,374,14,15,1,0.8951413,1
12142,867,5,6,1,0.838951,1
10709,764,14,15,0,0.38047644,0
10143,724,8,9,0,0.24700937,0
1994,142,7,8,0,0.20326814,0
11799,842,12,13,1,0.7690895,1
4460,318,9,10,0,0.14844708,0
1703,121,10,11,0,0.083103485,0
11169,797,12,13,1,0.9307623,1
6095,435,6,7,0,0.097105764,0
7839,559,14,15,1,0.91683054,1
5879,419,14,15,1,0.93222725,1
10841,774,6,7,0,0.06914763,0
3608,257,11,12,1,0.92602605,1
1400,100,1,2,0,0.083918095,0
447,31,14,15,1,0.8940794,1
5615,401,2,3,0,0.08362978,0
5874,419,9,10,1,0.92395616,1
8397,599,12,13,1,0.9146658,1
7933,566,10,11,0,0.053546563,0
5790,413,9,10,1,0.89412284,1
13256,946,13,14,0,0.08342296,0
3152,225,3,4,0,0.10264324,0
7383,527,6,7,0,0.05471429,0
7274,519,9,10,0,0.048971344,0
6928,494,13,14,0,0.05019526,0
8891,635,2,3,0,0.07685185,0
12809,914,14,15,0,0.25908256,0
12007,857,10,11,1,0.9392588,1
3698,264,3,4,0,0.08517765,0
13718,979,13,14,0,0.3244273,0
670,47,13,14,1,0.9318437,1
382,27,5,6,0,0.08444059,0
5498,392,11,12,1,0.9137979,1
244,17,7,8,0,0.09422909,0
1943,138,12,13,1,0.91568303,1
11423,815,14,15,1,0.9298961,1
11222,801,9,10,1,0.53555346,1
10057,718,6,7,0,0.1318188,0
5051,360,12,13,1,0.8256296,1
12164,868,13,14,0,0.13976853,0
2053,146,10,11,0,0.3357177,0
12972,926,9,10,1,0.8893487,1
6704,478,13,14,0,0.13095573,0
410,29,5,6,0,0.11322178,0
5195,371,2,3,0,0.07491578,0
2809,200,10,11,0,0.13709894,0
86,6,3,4,0,0.05961567,0
1381,98,10,11,0,0.093462825,0
2042,145,13,14,1,0.7683886,1
1256,89,11,12,0,0.13033555,0
3066,219,1,2,0,0.08414268,0
7864,561,11,12,1,0.75129634,1
12442,888,11,12,1,0.93374944,1
2122,151,9,10,0,0.30751634,0
3447,246,4,5,0,0.07382394,0
9254,661,1,2,0,0.07606514,0
11938,852,11,12,0,0.1544971,0
2777,198,6,7,0,0.10039056,0
2912,208,1,2,0,0.069152944,0
7179,512,12,13,0,0.050246734,0
7440,531,7,8,0,0.10540001,0
13241,945,12,13,1,0.7519226,1
11386,813,5,6,1,0.86976504,1
5388,384,13,14,0,0.28286275,0
254,18,3,4,0,0.08209653,0
4890,349,5,6,0,0.14595401,0
7048,503,7,8,0,0.121393286,0
7025,501,12,13,0,0.10120908,0
11684,834,9,10,0,0.25592268,0
2308,164,13,14,0,0.1317359,0
2850,203,9,10,0,0.31785658,0
10569,754,14,15,0,0.16873643,0
3838,274,3,4,0,0.06558205,0
7207,514,12,13,0,0.06304837,0
11504,821,11,12,0,0.46535972,0
10934,781,1,2,0,0.10174764,0
9806,700,7,8,1,0.30575928,0
2609,186,6,7,0,0.15040885,0
8943,638,12,13,1,0.92368513,1
9171,655,2,3,0,0.06452319,0
1932,138,1,2,0,0.06809903,0
203,14,8,9,0,0.41619375,0
10663,761,10,11,0,0.33203042,0
10571,755,2,3,0,0.112776704,0
4231,302,4,5,0,0.11084274,0
6234,445,5,6,1,0.92784053,1
1062,75,13,14,0,0.12901771,0
12080,862,13,14,0,0.3452439,0
5130,366,7,8,0,0.07958642,0
10659,761,6,7,0,0.19696906,0
475,33,14,15,0,0.29352117,0
3768,269,3,4,0,0.074029915,0
13567,969,2,3,1,0.5538257,1
10273,733,12,13,1,0.6429535,1
7969,569,4,5,0,0.16583225,0
3195,228,4,5,0,0.07342811,0
7523,537,6,7,0,0.08070676,0
1340,95,11,12,0,0.08821415,0
10310,736,7,8,0,0.22793911,0
9516,679,11,12,1,0.8587473,1
7693,549,8,9,0,0.06284528,0
12807,914,12,13,0,0.21131128,0
9664,690,5,6,1,0.8947775,1
3752,268,1,2,0,0.07098502,0
13418,958,7,8,1,0.91417474,1
651,46,8,9,0,0.10441983,0
10820,772,13,14,1,0.9347609,1
733,52,6,7,0,0.11626607,0
5428,387,11,12,0,0.0854901,0
4747,339,2,3,0,0.117084555,0
11511,822,4,5,0,0.42425537,0
9437,674,2,3,0,0.37698802,0
1997,142,10,11,1,0.8693024,1
7855,561,2,3,1,0.25662428,0
3111,222,4,5,0,0.061606564,0
5050,360,11,12,1,0.83212906,1
76,5,7,8,0,0.1404229,0
12034,859,9,10,0,0.17261165,0
7408,529,3,4,0,0.080654725,0
8627,616,4,5,0,0.07933145,0
7721,551,8,9,0,0.05677211,0
9017,644,2,3,0,0.07701388,0
2502,178,11,12,0,0.21341531,0
1135,81,2,3,0,0.07978991,0
9804,700,5,6,1,0.2404084,0
3621,258,10,11,0,0.11953644,0
13501,964,6,7,1,0.91512835,1
2504,178,13,14,0,0.21694146,0
5509,393,8,9,1,0.32572,0
8343,595,14,15,0,0.29382327,0
10554,753,13,14,0,0.50629187,1
7977,569,12,13,0,0.14040735,0
5480,391,7,8,0,0.14604922,0
12228,873,7,8,1,0.9045595,1
3681,262,14,15,1,0.77226454,1
5633,402,6,7,0,0.07713677,0
4120,294,5,6,0,0.055084668,0
8881,634,6,7,0,0.11857038,0
11087,791,14,15,1,0.93654853,1
12529,894,14,15,0,0.13547456,0
6295,449,10,11,0,0.09789323,0
4770,340,11,12,1,0.93304145,1
6521,465,12,13,0,0.06323336,0
9469,676,6,7,1,0.9063836,1
13036,931,3,4,1,0.35062072,0
8085,577,8,9,0,0.41326734,0
7736,552,9,10,0,0.21926484,0
9266,661,13,14,0,0.19401272,0
12367,883,6,7,0,0.14788583,0
2973,212,6,7,0,0.11490861,0
6905,493,4,5,0,0.08099555,0
7312,522,5,6,0,0.05349625,0
4521,322,14,15,0,0.08469812,0
13595,971,2,3,0,0.22584046,0
534,38,3,4,0,0.09911859,0
2603,185,14,15,1,0.87486726,1
10173,726,10,11,0,0.17535096,0
2758,197,1,2,0,0.09314141,0
12070,862,3,4,0,0.09053264,0
1655,118,4,5,0,0.056944083,0
7484,534,9,10,0,0.23788162,0
2060,147,3,4,0,0.07298343,0
4367,311,14,15,1,0.93515354,1
9772,698,1,2,0,0.18880653,0
1206,86,3,4,0,0.060608935,0
13655,975,6,7,0,0.067576654,0
2885,206,2,3,0,0.06741816,0
4013,286,10,11,0,0.14413038,0
4648,332,1,2,0,0.120235585,0
740,52,13,14,1,0.9360423,1
8798,628,7,8,0,0.07148872,0
1349,96,6,7,0,0.14872955,0
9606,686,3,4,0,0.5099182,1
12340,881,7,8,1,0.8648653,1
6570,469,5,6,1,0.64798933,1
10029,716,6,7,1,0.68492955,1
6762,483,1,2,0,0.1071141,0
1744,124,9,10,0,0.07861055,0
6108,436,5,6,0,0.06480116,0
4478,319,13,14,1,0.67202836,1
13306,950,7,8,0,0.2119055,0
12500,892,13,14,0,0.26370564,0
13177,941,4,5,1,0.37279996,0
5226,373,5,6,0,0.1692188,0
9306,664,11,12,0,0.237886,0
4008,286,5,6,0,0.08221245,0
7631,545,2,3,0,0.21953544,0
10137,724,2,3,0,0.16714707,0
11015,786,12,13,1,0.81415,1
1301,92,14,15,0,0.16694899,0
1082,77,5,6,0,0.10541537,0
11435,816,12,13,0,0.13679878,0
4622,330,3,4,0,0.09068428,0
4227,301,14,15,0,0.12549433,0
4716,336,13,14,0,0.4906336,0
5422,387,5,6,0,0.105760805,0
7019,501,6,7,0,0.11056403,0
6477,462,10,11,0,0.14841484,0
5686,406,3,4,0,0.13373782,0
8570,612,3,4,0,0.09279749,0
8687,620,8,9,0,0.07723055,0
8510,607,13,14,0,0.10868481,0
897,64,2,3,0,0.14363973,0
12124,866,1,2,0,0.08887364,0
1951,139,6,7,0,0.12521318,0
7959,568,8,9,0,0.14138465,0
4437,316,14,15,0,0.21329081,0
11651,832,4,5,1,0.81562704,1
1000,71,7,8,0,0.061364044,0
1940,138,9,10,1,0.7471509,1
1438,102,11,12,1,0.92015016,1
13,0,14,15,0,0.13562681,0
10450,746,7,8,1,0.7949109,1
4801,342,14,15,1,0.922358,1
3671,262,4,5,0,0.19368534,0
6213,443,12,13,1,0.9289948,1
7591,542,4,5,0,0.10712349,0
10775,769,10,11,1,0.9299438,1
6742,481,9,10,0,0.06947585,0
4495,321,2,3,0,0.09121939,0
4898,349,13,14,1,0.7593639,1
8077,576,14,15,0,0.10685183,0
8145,581,12,13,0,0.08153102,0
4089,292,2,3,0,0.0580808,0
1904,136,1,2,0,0.06889753,0
6656,475,7,8,1,0.91827065,1
2069,147,12,13,0,0.27802408,0
2014,143,13,14,0,0.33360574,0
11020,787,3,4,0,0.5708688,1
9061,647,4,5,0,0.067197196,0
8534,609,9,10,0,0.13019723,0
13162,940,3,4,0,0.13878869,0
3816,272,9,10,0,0.15178803,0
6664,476,1,2,0,0.05144081,0
7747,553,6,7,0,0.054473795,0
11881,848,10,11,0,0.306183,0
5578,398,7,8,0,0.12917553,0
5194,371,1,2,0,0.07157116,0
8,0,9,10,0,0.12422011,0
12862,918,11,12,1,0.94251543,1
2025,144,10,11,0,0.09747334,0
8207,586,4,5,0,0.08218315,0
10182,727,5,6,0,0.10566373,0
10083,720,4,5,0,0.11289599,0
274,19,9,10,0,0.09544519,0
9617,686,14,15,1,0.9198952,1
12397,885,8,9,1,0.9124628,1
12691,906,8,9,1,0.8527404,1
7362,525,13,14,0,0.19167185,0
12781,912,14,15,0,0.4668002,0
4814,343,13,14,0,0.16368432,0
391,27,14,15,0,0.106351905,0
755,53,14,15,0,0.11201382,0
11982,855,13,14,1,0.933016,1
533,38,2,3,0,0.09809907,0
9271,662,4,5,0,0.092237495,0
6318,451,5,6,0,0.06712721,0
1592,113,11,12,0,0.5907523,1
9141,652,14,15,1,0.7927808,1
1759,125,10,11,0,0.16839732,0
7707,550,8,9,0,0.066792525,0
9777,698,6,7,0,0.19830039,0
2529,180,10,11,0,0.24710098,0
10780,770,1,2,0,0.114436485,0
3313,236,10,11,0,0.14991991,0
11544,824,9,10,0,0.12386369,0
1781,127,4,5,0,0.06663583,0
4922,351,9,10,0,0.5139106,1
5787,413,6,7,1,0.8859023,1
10621,758,10,11,0,0.3980505,0
3794,271,1,2,0,0.07832517,0
4057,289,12,13,0,0.11944237,0
5478,391,5,6,0,0.09123644,0
3620,258,9,10,0,0.117494196,0
10810,772,3,4,0,0.2957978,0
8340,595,11,12,0,0.3122635,0
12111,865,2,3,0,0.11511474,0
10740,767,3,4,0,0.33271185,0
8050,575,1,2,0,0.07568345,0
10899,778,8,9,0,0.12893212,0
3414,243,13,14,1,0.5216441,1
4593,328,2,3,0,0.18215717,0
2303,164,8,9,0,0.10625664,0
2160,154,5,6,0,0.120132275,0
4361,311,8,9,1,0.9237049,1
9698,692,11,12,0,0.478879,0
3317,236,14,15,0,0.18805434,0
511,36,8,9,0,0.1092179,0
5516,394,1,2,0,0.088722266,0
4915,351,2,3,0,0.07988578,0
10296,735,7,8,0,0.1409462,0
2091,149,6,7,0,0.11596766,0
13285,948,14,15,1,0.8154746,1
4797,342,10,11,1,0.9168609,1
10982,784,7,8,0,0.12687324,0
12457,889,12,13,0,0.12199559,0
10588,756,5,6,0,0.1541713,0
9981,712,14,15,1,0.9234298,1
13161,940,2,3,0,0.13371517,0
4485,320,6,7,0,0.084596716,0
10323,737,6,7,0,0.2427456,0
9269,662,2,3,0,0.084169246,0
13454,961,1,2,1,0.86029696,1
9631,687,14,15,0,0.115094006,0
1920,137,3,4,0,0.0971094,0
4913,350,14,15,0,0.14393672,0
9304,664,9,10,0,0.22439799,0
2020,144,5,6,0,0.060281746,0
4554,325,5,6,0,0.12676863,0
261,18,10,11,1,0.87867707,1
4961,354,6,7,0,0.102159426,0
3283,234,8,9,0,0.13054998,0
13253,946,10,11,0,0.08468932,0
1743,124,8,9,0,0.07511726,0
1532,109,7,8,0,0.078161426,0
6337,452,10,11,0,0.11613558,0
12755,911,2,3,0,0.09433502,0
7530,537,13,14,0,0.07439809,0
12262,875,13,14,0,0.16823435,0
10300,735,11,12,0,0.15614682,0
11076,791,3,4,0,0.3644853,0
8108,579,3,4,0,0.07910113,0
6070,433,9,10,0,0.059572406,0
1929,137,12,13,0,0.1001365,0
1711,122,4,5,0,0.07597787,0
10955,782,8,9,1,0.80393225,1
13448,960,9,10,1,0.87121224,1
3631,259,6,7,0,0.070445836,0
252,18,1,2,0,0.07671593,0
12496,892,9,10,0,0.26319695,0
12714,908,3,4,0,0.13128999,0
5720,408,9,10,1,0.9265944,1
7127,509,2,3,0,0.13301176,0
3365,240,6,7,0,0.08407422,0
2593,185,4,5,1,0.91314995,1
11606,829,1,2,0,0.12304388,0
3418,244,3,4,0,0.07033106,0
487,34,12,13,1,0.9363986,1
11125,794,10,11,0,0.11107774,0
3603,257,6,7,0,0.08789698,0
6552,468,1,2,0,0.05172324,0
12325,880,6,7,1,0.9033624,1
2714,193,13,14,0,0.2817616,0
8391,599,6,7,0,0.1777882,0
8379,598,8,9,1,0.6075715,1
11820,844,5,6,0,0.2278302,0
9619,687,2,3,0,0.11823854,0
6860,490,1,2,0,0.06435023,0
477,34,2,3,0,0.07709955,0
7218,515,9,10,0,0.12737025,0
8541,610,2,3,0,0.09609172,0
430,30,11,12,1,0.6047485,1
11002,785,13,14,0,0.110425726,0
4417,315,8,9,1,0.4403934,0
6067,433,6,7,0,0.059344646,0
9577,684,2,3,1,0.32124805,0
13054,932,7,8,0,0.14419699,0
3625,258,14,15,0,0.13966626,0
10580,755,11,12,1,0.71733165,1
12302,878,11,12,0,0.17644754,0
4043,288,12,13,0,0.116824634,0
11915,851,2,3,0,0.07793486,0
9429,673,8,9,1,0.85088575,1
13250,946,7,8,0,0.08323041,0
9044,646,1,2,0,0.07337263,0
7394,528,3,4,1,0.2163704,0
1337,95,8,9,0,0.08141765,0
9995,713,14,15,0,0.17837715,0
3475,248,4,5,0,0.08013281,0
6394,456,11,12,0,0.23270991,0
10230,730,11,12,0,0.2003863,0
10821,772,14,15,1,0.9346423,1
6443,460,4,5,0,0.057298303,0
7228,516,5,6,0,0.09468026,0
8837,631,4,5,0,0.12642515,0
384,27,7,8,0,0.08928981,0
7531,537,14,15,0,0.0738948,0
1609,114,14,15,0,0.3182436,0
8749,624,14,15,0,0.42233387,0
4395,313,14,15,0,0.18808031,0
3995,285,6,7,0,0.15428771,0
2526,180,7,8,0,0.068841204,0
6362,454,7,8,0,0.14417484,0
7101,507,4,5,0,0.34985396,0
10971,783,10,11,1,0.93019456,1
5442,388,11,12,0,0.0852221,0
1287,91,14,15,0,0.103963204,0
6787,484,12,13,0,0.055997185,0
1179,84,4,5,0,0.074146524,0
888,63,7,8,0,0.17025903,0
10306,736,3,4,0,0.36751372,0
11464,818,13,14,1,0.8965512,1
4210,300,11,12,0,0.07629995,0
1379,98,8,9,0,0.09370195,0
3087,220,8,9,0,0.06686177,0
5521,394,6,7,0,0.34701082,0
3831,273,10,11,1,0.60984683,1
12398,885,9,10,1,0.8990565,1
10475,748,4,5,0,0.16608816,0
10165,726,2,3,0,0.16781762,0
8784,627,7,8,1,0.8614983,1
11804,843,3,4,0,0.19183306,0
7095,506,12,13,0,0.06842373,0
9629,687,12,13,0,0.117720425,0
12626,901,13,14,1,0.9402827,1
13044,931,11,12,1,0.36621183,0
5368,383,7,8,0,0.17136723,0
9657,689,12,13,0,0.10420062,0
11393,813,12,13,1,0.9281791,1
9762,697,5,6,0,0.09996766,0
13568,969,3,4,1,0.6971011,1
7391,527,14,15,0,0.05712057,0
11491,820,12,13,0,0.09981872,0
12165,868,14,15,0,0.13773525,0
6140,438,9,10,0,0.060618814,0
106,7,9,10,0,0.37654933,0
8423,601,10,11,1,0.9068387,1
4270,305,1,2,0,0.07165326,0
4507,321,14,15,0,0.10864366,0
8587,613,6,7,0,0.12605794,0
4674,333,13,14,0,0.09988643,0
12823,915,14,15,1,0.91648084,1
6659,475,10,11,1,0.91266936,1
1467,104,12,13,1,0.89978224,1
2992,213,11,12,0,0.11586898,0
4244,303,3,4,0,0.08448791,0
11575,826,12,13,0,0.1519452,0
3130,223,9,10,0,0.14739992,0
2055,146,12,13,0,0.3912233,0
976,69,11,12,0,0.15972191,0
3142,224,7,8,0,0.23345329,0
9492,678,1,2,0,0.30245703,0
12730,909,5,6,1,0.4241188,0
10578,755,9,10,1,0.6921017,1
971,69,6,7,0,0.1615854,0
2527,180,8,9,0,0.07897987,0
7282,520,3,4,0,0.16721603,0
8954,639,9,10,0,0.16697977,0
10616,758,5,6,0,0.33345217,0
9067,647,10,11,1,0.69451815,1
4402,314,7,8,0,0.08736352,0
2099,149,14,15,1,0.7557526,1
6621,472,14,15,0,0.052849196,0
8668,619,3,4,1,0.26042563,0
13060,932,13,14,0,0.14136472,0
7450,532,3,4,0,0.15904182,0
4684,334,9,10,1,0.91609824,1
568,40,9,10,0,0.21061605,0
12615,901,2,3,0,0.17330818,0
3952,282,5,6,0,0.06911962,0
9603,685,14,15,1,0.7106676,1
5154,368,3,4,0,0.14351216,0
5458,389,13,14,1,0.30231154,0
12157,868,6,7,0,0.1773192,0
7090,506,7,8,0,0.07058806,0
11685,834,10,11,0,0.26788312,0
2023,144,8,9,0,0.07605656,0
11843,845,14,15,1,0.9007113,1
2345,167,8,9,1,0.81970376,1
4546,324,11,12,0,0.09875844,0
1619,115,10,11,0,0.117858894,0
7553,539,8,9,0,0.082965195,0
9913,708,2,3,0,0.18943557,0
2572,183,11,12,0,0.12594993,0
8383,598,12,13,1,0.7419461,1
3276,234,1,2,0,0.0872513,0
6267,447,10,11,0,0.083321325,0
2415,172,8,9,0,0.39856383,0
9581,684,6,7,1,0.5239418,1
12878,919,13,14,0,0.2918103,0
7164,511,11,12,0,0.08395008,0
7235,516,12,13,0,0.085157834,0
10435,745,6,7,0,0.12145085,0
4783,341,10,11,0,0.07970071,0
7909,564,14,15,1,0.6548295,1
5271,376,8,9,0,0.10561226,0
10802,771,9,10,1,0.9019319,1
10216,729,11,12,1,0.9050633,1
892,63,11,12,0,0.31932858,0
2203,157,6,7,0,0.16157754,0
6671,476,8,9,0,0.04856892,0
10371,740,12,13,0,0.29640102,0
211,15,2,3,0,0.062056087,0
1066,76,3,4,0,0.07706857,0
11000,785,11,12,0,0.10891533,0
2158,154,3,4,0,0.09679691,0
9747,696,4,5,1,0.59093,1
10031,716,8,9,1,0.80544275,1
7433,530,14,15,0,0.17931482,0
3857,275,8,9,0,0.25969848,0
789,56,6,7,0,0.108637795,0
13112,936,9,10,1,0.9154715,1
732,52,5,6,0,0.0984598,0
856,61,3,4,0,0.058819517,0
8347,596,4,5,0,0.085697114,0
3889,277,12,13,0,0.08103227,0
7002,500,3,4,0,0.06297883,0
6881,491,8,9,0,0.05097698,0
2505,178,14,15,0,0.21658643,0
9160,654,5,6,0,0.08966237,0
2855,203,14,15,0,0.36534426,0
4577,326,14,15,0,0.15398191,0
1019,72,12,13,1,0.31214488,0
2520,180,1,2,0,0.05842628,0
10865,776,2,3,0,0.17803477,0
607,43,6,7,0,0.09704008,0
8101,578,10,11,0,0.07709713,0
11271,805,2,3,0,0.15600982,0
2095,149,10,11,1,0.67073894,1
97,6,14,15,1,0.8813109,1
7479,534,4,5,0,0.33327287,0
11139,795,10,11,1,0.9296078,1
5207,371,14,15,1,0.9243178,1
12225,873,4,5,0,0.4544373,0
4343,310,4,5,0,0.10155013,0
9583,684,8,9,1,0.5091151,1
11534,823,13,14,1,0.8312025,1
3253,232,6,7,0,0.09035511,0
9310,665,1,2,0,0.1499089,0
8384,598,13,14,1,0.7403253,1
3257,232,10,11,0,0.20094346,0
4172,298,1,2,0,0.06810343,0
11678,834,3,4,0,0.27243808,0
8002,571,9,10,0,0.18828072,0
3174,226,11,12,1,0.80337787,1
13523,965,14,15,1,0.7583776,1
11639,831,6,7,1,0.89268553,1
3177,226,14,15,1,0.9243526,1
2470,176,7,8,0,0.13810065,0
13497,964,2,3,1,0.8724719,1
10984,784,9,10,0,0.1325593,0
12612,900,13,14,1,0.9169411,1
13644,974,9,10,0,0.15598983,0
12222,873,1,2,0,0.1126934,0
12750,910,11,12,1,0.92000073,1
7599,542,12,13,0,0.095109716,0
5103,364,8,9,1,0.8775293,1
5441,388,10,11,0,0.08322428,0
346,24,11,12,0,0.43364078,0
9546,681,13,14,0,0.30735987,0
720,51,7,8,0,0.086331815,0
4141,295,12,13,0,0.103733666,0
11010,786,7,8,1,0.7724051,1
10315,736,12,13,0,0.21169177,0
7134,509,9,10,0,0.108797126,0
12301,878,10,11,0,0.18114506,0
9959,711,6,7,1,0.9040171,1
4812,343,11,12,0,0.15341997,0
6590,470,11,12,0,0.04831893,0
11302,807,5,6,0,0.19894794,0
7612,543,11,12,1,0.6530387,1
8270,590,11,12,0,0.5045871,1
12048,860,9,10,0,0.11771275,0
8746,624,11,12,0,0.4160628,0
5216,372,9,10,1,0.93323463,1
8822,630,3,4,0,0.08310361,0
7896,564,1,2,0,0.12629159,0
9713,693,12,13,1,0.87838066,1
2986,213,5,6,0,0.088147394,0
7487,534,12,13,0,0.24433205,0
6697,478,6,7,0,0.1446398,0
3267,233,6,7,0,0.117969126,0
8652,618,1,2,0,0.0730305,0
5788,413,7,8,1,0.90491694,1
12513,893,12,13,0,0.3013821,0
5462,390,3,4,0,0.080330126,0
216,15,7,8,0,0.07532293,0
11189,799,4,5,0,0.6157678,1
13340,952,13,14,0,0.20028967,0
7877,562,10,11,0,0.35025585,0
12922,923,1,2,1,0.88589865,1
13338,952,11,12,0,0.1958933,0
9136,652,9,10,1,0.7159627,1
11422,815,13,14,1,0.9319722,1
11160,797,3,4,0,0.46290118,0
12711,907,14,15,0,0.24447693,0
1343,95,14,15,0,0.090152055,0
7411,529,6,7,0,0.09113849,0
1582,113,1,2,0,0.06267664,0
4756,339,11,12,0,0.080837145,0
11979,855,10,11,1,0.9212341,1
2098,149,13,14,1,0.7577878,1
3159,225,10,11,0,0.091006376,0
4200,300,1,2,0,0.093212135,0
8291,592,4,5,0,0.094693005,0
9376,669,11,12,0,0.2894115,0
4469,319,4,5,0,0.076411575,0
3583,255,14,15,0,0.16984306,0
5793,413,12,13,1,0.8684243,1
1794,128,3,4,0,0.087162755,0
247,17,10,11,0,0.08859743,0
12545,896,2,3,0,0.112884186,0
7853,560,14,15,0,0.07504698,0
9733,695,4,5,0,0.27972868,0
2949,210,10,11,0,0.11864655,0
8728,623,7,8,0,0.11314111,0
4268,304,13,14,0,0.2087319,0
5377,384,2,3,0,0.08469375,0
10232,730,13,14,0,0.23149139,0
6932,495,3,4,0,0.089164704,0
5959,425,10,11,0,0.13323826,0
6139,438,8,9,0,0.05980311,0
966,69,1,2,0,0.109058,0
10277,734,2,3,0,0.19313228,0
3005,214,10,11,0,0.05601583,0
13283,948,12,13,1,0.7756828,1
7651,546,8,9,0,0.053237602,0
5402,385,13,14,1,0.9196079,1
4586,327,9,10,0,0.09385424,0
13122,937,5,6,0,0.19730093,0
690,49,5,6,0,0.069486886,0
8170,583,9,10,1,0.89748263,1
12242,874,7,8,0,0.13765872,0
5863,418,12,13,1,0.90932256,1
702,50,3,4,0,0.10277529,0
10237,731,4,5,0,0.11126904,0
2107,150,8,9,0,0.32566032,0
2179,155,10,11,0,0.20849998,0
2914,208,3,4,0,0.069865994,0
6661,475,12,13,1,0.91993123,1
387,27,10,11,0,0.09632596,0
7767,554,12,13,0,0.09585009,0
11946,853,5,6,1,0.81912786,1
2277,162,10,11,0,0.09414878,0
13552,968,1,2,1,0.7097561,1
2630,187,13,14,0,0.24575914,0
1170,83,9,10,1,0.7328885,1
2713,193,12,13,0,0.27357867,0
9180,655,11,12,0,0.59557384,1
2963,211,10,11,0,0.10104855,0
5583,398,12,13,0,0.16511604,0
10599,757,2,3,0,0.13593054,0
12522,894,7,8,0,0.1592372,0
13296,949,11,12,0,0.15000427,0
4681,334,6,7,0,0.2249344,0
4026,287,9,10,0,0.113238126,0
10966,783,5,6,1,0.84932756,1
8506,607,9,10,0,0.093603194,0
2535,181,2,3,0,0.08464566,0
8826,630,7,8,0,0.18767768,0
12121,865,12,13,0,0.0917312,0
5828,416,5,6,0,0.0641707,0
9248,660,9,10,1,0.89175856,1
13332,952,5,6,0,0.16602065,0
4642,331,9,10,1,0.9314834,1
4702,335,13,14,0,0.08854489,0
10085,720,6,7,0,0.11075761,0
5924,423,3,4,0,0.11167304,0
3495,249,10,11,0,0.10096386,0
2279,162,12,13,0,0.10533366,0
283,20,4,5,0,0.08986694,0
2044,146,1,2,0,0.06992902,0
7367,526,4,5,0,0.055433754,0
240,17,3,4,0,0.11078232,0
4892,349,7,8,1,0.57868034,1
1949,139,4,5,0,0.115981966,0
421,30,2,3,0,0.064925626,0
5916,422,9,10,0,0.09023497,0
12342,881,9,10,1,0.9118962,1
1300,92,13,14,0,0.16179977,0
8449,603,8,9,0,0.12354301,0
8241,588,10,11,1,0.92351896,1
6850,489,5,6,0,0.07926651,0
168,12,1,2,0,0.06725253,0
8419,601,6,7,0,0.08727316,0
2293,163,12,13,1,0.8570189,1
7648,546,5,6,0,0.054280847,0
2644,188,13,14,0,0.12673613,0
9612,686,9,10,1,0.9072709,1
9864,704,9,10,0,0.2600741,0
611,43,10,11,0,0.10698779,0
9287,663,6,7,0,0.07384541,0
575,41,2,3,0,0.0787047,0
12176,869,11,12,0,0.29037493,0
5208,372,1,2,1,0.3905255,0
113,8,2,3,0,0.080780886,0
6483,463,2,3,0,0.07100498,0
5163,368,12,13,0,0.21288231,0
12783,913,2,3,0,0.19097285,0
840,60,1,2,0,0.08003758,0
7086,506,3,4,0,0.07818075,0
5834,416,11,12,0,0.0603416,0
10827,773,6,7,1,0.9235159,1
7118,508,7,8,0,0.15496677,0
368,26,5,6,0,0.059144717,0
508,36,5,6,0,0.10528586,0
7586,541,13,14,0,0.07737493,0
409,29,4,5,0,0.10330274,0
7301,521,8,9,0,0.21350428,0
9153,653,12,13,1,0.5424088,1
10562,754,7,8,0,0.17093629,0
4484,320,5,6,0,0.085692875,0
1853,132,6,7,0,0.080665655,0
5284,377,7,8,0,0.08257865,0
8408,600,9,10,0,0.10727573,0
7082,505,13,14,0,0.13128722,0
761,54,6,7,0,0.12838557,0
7730,552,3,4,0,0.27856925,0
4871,347,14,15,0,0.1254837,0
1697,121,4,5,0,0.10093817,0
13608,972,1,2,0,0.05536504,0
4978,355,9,10,0,0.6561134,1
10613,758,2,3,0,0.14614476,0
8986,641,13,14,1,0.82434493,1
2785,198,14,15,0,0.14891939,0
12350,882,3,4,0,0.09206245,0
1181,84,6,7,0,0.08192258,0
5252,375,3,4,0,0.13376236,0
2772,198,1,2,0,0.07834099,0
1486,106,3,4,0,0.111046955,0
12644,903,3,4,0,0.05485476,0
3909,279,4,5,0,0.08037104,0
5124,366,1,2,0,0.07832801,0
10698,764,3,4,0,0.07923876,0
1195,85,6,7,0,0.12396907,0
4500,321,7,8,0,0.09838897,0
3854,275,5,6,0,0.07348485,0
386,27,9,10,0,0.09395072,0
8444,603,3,4,0,0.097321235,0
1956,139,11,12,0,0.11038682,0
13032,930,13,14,0,0.26527917,0
824,58,13,14,0,0.124506526,0
8959,639,14,15,0,0.20085864,0
3467,247,10,11,0,0.07884116,0
8799,628,8,9,0,0.07963051,0
8526,609,1,2,0,0.08480181,0
5706,407,9,10,0,0.10477312,0
646,46,3,4,0,0.08242006,0
4614,329,9,10,0,0.09873333,0
6405,457,8,9,0,0.06341129,0
389,27,12,13,0,0.10326238,0
3400,242,13,14,0,0.12828775,0
6777,484,2,3,0,0.061440326,0
12024,858,13,14,1,0.7374458,1
8702,621,9,10,1,0.88245934,1
4230,302,3,4,0,0.104798794,0
10355,739,10,11,0,0.20559841,0
8483,605,14,15,1,0.93046397,1
2056,146,13,14,0,0.38878995,0
260,18,9,10,1,0.8576298,1
6541,467,4,5,0,0.050956856,0
12116,865,7,8,0,0.10032069,0
1926,137,9,10,0,0.09074247,0
8240,588,9,10,1,0.8923232,1
4962,354,7,8,0,0.10437014,0
11893,849,8,9,0,0.14752817,0
8022,573,1,2,0,0.13219856,0
4800,342,13,14,1,0.92922896,1
1524,108,13,14,1,0.92748016,1
9367,669,2,3,0,0.30239078,0
9462,675,13,14,0,0.24042703,0
7796,556,13,14,0,0.06863076,0
6377,455,8,9,0,0.24698347,0
12050,860,11,12,0,0.11499363,0
6959,497,2,3,0,0.05403285,0
9285,663,4,5,0,0.06816903,0
4745,338,14,15,0,0.077849485,0
5702,407,5,6,0,0.09654736,0
98,7,1,2,0,0.06615883,0
9036,645,7,8,0,0.38098374,0
3226,230,7,8,0,0.07172195,0
5707,407,10,11,0,0.10899359,0
2062,147,5,6,0,0.08095578,0
973,69,8,9,0,0.14955059,0
3578,255,9,10,0,0.14498307,0
11205,800,6,7,1,0.6358515,1
10424,744,9,10,0,0.09898328,0
8442,603,1,2,0,0.087833926,0
5700,407,3,4,0,0.10956071,0
8999,642,12,13,0,0.36975357,0
9482,677,5,6,1,0.82563657,1
6863,490,4,5,0,0.061903115,0
9326,666,3,4,0,0.08047888,0
12200,871,7,8,0,0.116734885,0
11951,853,10,11,1,0.93080217,1
11705,836,2,3,0,0.095274776,0
4267,304,12,13,0,0.18729456,0
1141,81,8,9,0,0.36302423,0
697,49,12,13,0,0.10206467,0
12598,899,13,14,0,0.088469066,0
10581,755,12,13,1,0.71473396,1
10864,776,1,2,0,0.2081628,0
5501,392,14,15,1,0.8916214,1
774,55,5,6,0,0.0794139,0
5068,362,1,2,0,0.077687,0
526,37,9,10,0,0.5571241,1
7397,528,6,7,1,0.65631485,1
13327,951,14,15,1,0.91300017,1
6651,475,2,3,1,0.12442225,0
12748,910,9,10,1,0.9162508,1
12877,919,12,13,0,0.25062945,0
3180,227,3,4,0,0.07235489,0
6867,490,8,9,0,0.05820048,0
7489,534,14,15,0,0.20951143,0
3462,247,5,6,0,0.0668267,0
5386,384,11,12,0,0.27866414,0
8898,635,9,10,0,0.22153556,0
5864,418,13,14,1,0.9061974,1
11596,828,5,6,0,0.17005517,0
4971,355,2,3,0,0.120510936,0
9898,707,1,2,0,0.124660775,0
7432,530,13,14,0,0.18885103,0
11901,850,2,3,0,0.13554963,0
10917,779,12,13,1,0.9209353,1
8469,604,14,15,0,0.09324596,0
12917,922,10,11,0,0.18513522,0
3576,255,7,8,0,0.13492396,0
1088,77,11,12,0,0.14201158,0
2319,165,10,11,1,0.91337085,1
9258,661,5,6,0,0.09046162,0
11991,856,8,9,0,0.16880478,0
8742,624,7,8,0,0.2582966,0
9262,661,9,10,0,0.20718686,0
10420,744,5,6,0,0.108356304,0
3132,223,11,12,0,0.16356157,0
6264,447,7,8,0,0.06948169,0
6385,456,2,3,0,0.108930625,0
4845,346,2,3,0,0.10024234,0
13173,940,14,15,0,0.24541596,0
6328,452,1,2,0,0.16175948,0
10379,741,6,7,1,0.9012965,1
10852,775,3,4,0,0.1748482,0
13562,968,11,12,1,0.8580959,1
7831,559,6,7,1,0.92467326,1
8493,606,10,11,0,0.14522411,0
8768,626,5,6,0,0.09136272,0
2311,165,2,3,0,0.0817294,0
1220,87,3,4,0,0.065753646,0
7310,522,3,4,0,0.055453617,0
1306,93,5,6,0,0.097011864,0
4307,307,10,11,0,0.07278308,0
12572,898,1,2,0,0.1399411,0
11436,816,13,14,0,0.13502482,0
7336,524,1,2,1,0.35431623,0
12732,909,7,8,1,0.7350178,1
4511,322,4,5,0,0.099730685,0
12299,878,8,9,0,0.19395193,0
5335,381,2,3,0,0.0755138,0
12134,866,11,12,1,0.92560714,1
11335,809,10,11,1,0.8162966,1
10498,749,13,14,0,0.10225219,0
2966,211,13,14,0,0.11534269,0
6091,435,2,3,0,0.12166041,0
12830,916,7,8,1,0.9143785,1
4298,307,1,2,0,0.08287842,0
11944,853,3,4,0,0.24695323,0
10901,778,10,11,0,0.1378862,0
911,65,2,3,0,0.09788842,0
8116,579,11,12,0,0.10692796,0
7972,569,7,8,0,0.15032198,0
13577,969,12,13,1,0.8194956,1
9515,679,10,11,1,0.8621186,1
11763,840,4,5,0,0.20120275,0
3237,231,4,5,0,0.100181185,0
11034,788,3,4,0,0.084932186,0
2003,143,2,3,0,0.09246088,0
2327,166,4,5,0,0.059536513,0
1913,136,10,11,0,0.09428594,0
8262,590,3,4,0,0.081363566,0
11704,836,1,2,0,0.091086626,0
10859,775,10,11,1,0.8313017,1
11896,849,11,12,0,0.13323154,0
11536,824,1,2,0,0.22278312,0
10953,782,6,7,1,0.77871656,1
500,35,11,12,1,0.32381868,0
3025,216,2,3,0,0.08302379,0
132,9,7,8,0,0.16554694,0
73,5,4,5,0,0.1203811,0
4421,315,12,13,1,0.8294836,1
9460,675,11,12,0,0.1895067,0
11908,850,9,10,1,0.9263725,1
13559,968,8,9,1,0.8617199,1
6210,443,9,10,1,0.92472893,1
13428,959,3,4,0,0.15346496,0
11594,828,3,4,0,0.23388955,0
4380,312,13,14,0,0.122447886,0
11372,812,5,6,0,0.16436273,0
10513,750,14,15,0,0.098250106,0
5408,386,5,6,0,0.10385979,0
1208,86,5,6,0,0.0634223,0
9776,698,5,6,0,0.19907695,0
12220,872,13,14,0,0.13383944,0
7300,521,7,8,0,0.22807491,0
1503,107,6,7,0,0.056420833,0
1792,128,1,2,0,0.081273444,0
2198,157,1,2,0,0.079052016,0
821,58,10,11,0,0.11905956,0
831,59,6,7,0,0.11011337,0
13066,933,5,6,1,0.8911035,1
6028,430,9,10,0,0.17014603,0
2937,209,12,13,1,0.5604235,1
6553,468,2,3,0,0.05139257,0
2038,145,9,10,0,0.121368416,0
3970,283,9,10,0,0.18953721,0
1169,83,8,9,1,0.64867246,1
9288,663,7,8,0,0.08228222,0
6625,473,4,5,0,0.054629717,0
11081,791,8,9,1,0.9248238,1
2063,147,6,7,0,0.096416496,0
1695,121,2,3,0,0.10056476,0
9395,671,2,3,0,0.26852214,0
9129,652,2,3,0,0.07719228,0
12909,922,2,3,0,0.113919556,0
2829,202,2,3,0,0.056790948,0
1548,110,9,10,0,0.29963738,0
3356,239,11,12,0,0.127679,0
12471,890,12,13,0,0.11451335,0
2304,164,9,10,0,0.1128611,0
13277,948,6,7,1,0.54860204,1
6107,436,4,5,0,0.06428317,0
8659,618,8,9,1,0.6297993,1
1814,129,9,10,0,0.07798196,0
2889,206,6,7,0,0.07305804,0
11325,808,14,15,1,0.9323313,1
12855,918,4,5,0,0.48486486,0
496,35,7,8,1,0.23557082,0
9750,696,7,8,1,0.8774687,1
12286,877,9,10,1,0.9121767,1
11692,835,3,4,0,0.13697724,0
11734,838,3,4,0,0.10533483,0
3318,237,1,2,0,0.08459528,0
3085,220,6,7,0,0.06342695,0
2032,145,3,4,0,0.058729447,0
1027,73,6,7,0,0.059373155,0
6519,465,10,11,0,0.063465655,0
9722,694,7,8,1,0.9112546,1
10285,734,10,11,0,0.10018148,0
12603,900,4,5,0,0.27324924,0
7275,519,10,11,0,0.048947908,0
7506,536,3,4,0,0.20810753,0
12161,868,10,11,0,0.14642832,0
9584,684,9,10,1,0.5525262,1
9003,643,2,3,0,0.07576555,0
2406,171,13,14,0,0.10106668,0
379,27,2,3,0,0.08029963,0
4482,320,3,4,0,0.08272323,0
4739,338,8,9,0,0.073803544,0
1146,81,13,14,0,0.38581014,0
3672,262,5,6,1,0.24761249,0
5712,408,1,2,0,0.45946485,0
2050,146,7,8,0,0.11119707,0
1150,82,3,4,0,0.108708434,0
12689,906,6,7,1,0.7371417,1
11585,827,8,9,1,0.92451847,1
6252,446,9,10,0,0.07732631,0
13727,980,8,9,0,0.068114765,0
6687,477,10,11,0,0.06407836,0
4160,297,3,4,0,0.084244825,0
12314,879,9,10,0,0.15717344,0
6366,454,11,12,0,0.1641076,0
12326,880,7,8,1,0.9197716,1
1030,73,9,10,0,0.070995465,0
9773,698,2,3,0,0.22918229,0
10264,733,3,4,1,0.4728568,0
13412,958,1,2,1,0.82856977,1
91,6,8,9,0,0.09928576,0
10861,775,12,13,1,0.83636385,1
11863,847,6,7,0,0.13569956,0
13048,932,1,2,0,0.17171372,0
6983,498,12,13,0,0.08132701,0
12389,884,14,15,0,0.09544211,0
9820,701,7,8,0,0.0939047,0
4844,346,1,2,0,0.09556735,0
9217,658,6,7,0,0.13389836,0
8295,592,8,9,0,0.579226,1
8315,593,14,15,0,0.17114738,0
11028,787,11,12,0,0.12778741,0
2393,170,14,15,0,0.10947025,0
10224,730,5,6,0,0.32419392,0
6615,472,8,9,0,0.052772485,0
2943,210,4,5,0,0.0982283,0
12487,891,14,15,1,0.93370175,1
5406,386,3,4,0,0.080883026,0
913,65,4,5,0,0.122065715,0
6426,459,1,2,0,0.093422554,0
762,54,7,8,0,0.1350207,0
12295,878,4,5,0,0.22136843,0
8393,599,8,9,1,0.7890092,1
6175,441,2,3,0,0.10931167,0
13053,932,6,7,0,0.1536535,0
9781,698,10,11,0,0.2251245,0
12697,906,14,15,1,0.8913287,1
4700,335,11,12,0,0.083305374,0
6589,470,10,11,0,0.048200347,0
10871,776,8,9,0,0.1331683,0
1246,89,1,2,0,0.074560285,0
2384,170,5,6,0,0.09109118,0
4857,346,14,15,0,0.09079914,0
12061,861,8,9,0,0.23223601,0
5052,360,13,14,1,0.8005889,1
687,49,2,3,0,0.0690447,0
10691,763,10,11,1,0.90587175,1
8984,641,11,12,1,0.84053886,1
592,42,5,6,0,0.09853911,0
4022,287,5,6,0,0.09551063,0
4759,339,14,15,0,0.08704704,0
11963,854,8,9,0,0.1986302,0
8621,615,12,13,0,0.14207548,0
8381,598,10,11,1,0.68839717,1
12954,925,5,6,0,0.15215552,0
3954,282,7,8,0,0.07331359,0
6351,453,10,11,0,0.060263805,0
5365,383,4,5,0,0.15756938,0
7910,565,1,2,0,0.10936964,0
6493,463,12,13,0,0.060202494,0
10141,724,6,7,0,0.19285506,0
8786,627,9,10,1,0.84613,1
3441,245,12,13,0,0.11800076,0
9509,679,4,5,0,0.3926382,0
7574,541,1,2,0,0.056485627,0
11011,786,8,9,1,0.82945776,1
6277,448,6,7,0,0.059741165,0
3121,222,14,15,1,0.8493625,1
9083,648,12,13,1,0.9330594,1
3006,214,11,12,0,0.056368228,0
6173,440,14,15,0,0.074102364,0
977,69,12,13,0,0.16473694,0
1921,137,4,5,0,0.09707532,0
449,32,2,3,0,0.06764832,0
2668,190,9,10,1,0.88419014,1
12826,916,3,4,0,0.27077124,0
12937,924,2,3,1,0.6928268,1
3899,278,8,9,1,0.21856968,0
13335,952,8,9,0,0.18037818,0
10890,777,13,14,0,0.08781454,0
451,32,4,5,0,0.07052202,0
352,25,3,4,0,0.07791761,0
3187,227,10,11,0,0.09194849,0
1895,135,6,7,0,0.1505278,0
8516,608,5,6,0,0.11645239,0
2392,170,13,14,0,0.10759989,0
3849,274,14,15,0,0.28293994,0
11842,845,13,14,1,0.8891639,1
9765,697,8,9,0,0.090157084,0
1745,124,10,11,0,0.080667675,0
2985,213,4,5,0,0.087672785,0
9055,646,12,13,0,0.42085326,0
5659,404,4,5,1,0.9157366,1
10281,734,6,7,0,0.104862206,0
8674,619,9,10,1,0.85343534,1
2439,174,4,5,0,0.089223176,0
11786,841,13,14,0,0.233864,0
1785,127,8,9,0,0.14983003,0
10410,743,9,10,0,0.37568355,0
2037,145,8,9,0,0.07594265,0
1279,91,6,7,0,0.09649646,0
10909,779,4,5,1,0.6558968,1
9782,698,11,12,0,0.2352043,0
12921,922,14,15,0,0.17860465,0
11826,844,11,12,0,0.18035024,0
12113,865,4,5,0,0.10828641,0
2883,205,14,15,0,0.06654382,0
11866,847,9,10,0,0.29875046,0
6169,440,10,11,0,0.07454459,0
8591,613,10,11,0,0.31449544,0
469,33,8,9,0,0.14302015,0
2154,153,13,14,0,0.21565701,0
9521,680,2,3,0,0.31435686,0
2078,148,7,8,0,0.14844789,0
7490,535,1,2,0,0.057647392,0
5159,368,8,9,0,0.21366745,0
4215,301,2,3,0,0.11009151,0
2169,154,14,15,0,0.14931628,0
1704,121,11,12,0,0.086636014,0
12961,925,12,13,0,0.17496002,0
3161,225,12,13,0,0.101973064,0
1485,106,2,3,0,0.109543644,0
5446,389,1,2,0,0.07191685,0
10747,767,10,11,1,0.925261,1
5612,400,13,14,1,0.15878183,0
5752,410,13,14,0,0.06840482,0
4728,337,11,12,0,0.14061569,0
2385,170,6,7,0,0.10508209,0
2255,161,2,3,0,0.06979975,0
12872,919,7,8,0,0.15591802,0
5941,424,6,7,1,0.91780627,1
7153,510,14,15,1,0.22885124,0
1813,129,8,9,0,0.07961779,0
10991,785,2,3,0,0.15509127,0
2989,213,8,9,0,0.10807312,0
8279,591,6,7,0,0.1296446,0
13449,960,10,11,1,0.87223077,1
5811,415,2,3,0,0.06288617,0
4773,340,14,15,1,0.9310217,1
3616,258,5,6,0,0.1016463,0
8252,589,7,8,0,0.085084304,0
5703,407,6,7,0,0.0965454,0
8386,599,1,2,0,0.077638246,0
7667,547,10,11,0,0.053049076,0
1491,106,8,9,0,0.08878038,0
9894,706,11,12,0,0.31401306,0
9668,690,9,10,1,0.90902007,1
8158,582,11,12,0,0.07794593,0
12923,923,2,3,1,0.89914507,1
7944,567,7,8,1,0.9482817,1
5649,403,8,9,0,0.06900837,0
4675,333,14,15,0,0.10052019,0
12047,860,8,9,0,0.12170598,0
7770,555,1,2,1,0.19579637,0
5099,364,4,5,0,0.112165086,0
12319,879,14,15,0,0.14178894,0
13574,969,9,10,1,0.80816257,1
7431,530,12,13,0,0.18668781,0
8502,607,5,6,0,0.11298626,0
9091,649,6,7,0,0.067584224,0
1002,71,9,10,0,0.07065157,0
5973,426,10,11,0,0.08032759,0
373,26,10,11,0,0.0800519,0
12399,885,10,11,1,0.9051927,1
1643,117,6,7,0,0.10906618,0
5343,381,10,11,0,0.19895753,0
1494,106,11,12,0,0.09090736,0
3919,279,14,15,1,0.40354013,0
12026,859,1,2,0,0.23275429,0
3872,276,9,10,0,0.09168355,0
6616,472,9,10,0,0.052664336,0
2103,150,4,5,0,0.09501553,0
9126,651,13,14,0,0.3841478,0
13393,956,10,11,1,0.9183692,1
5475,391,2,3,0,0.076756574,0
11665,833,4,5,0,0.45707512,0
605,43,4,5,0,0.0889702,0
1359,97,2,3,0,0.069909014,0
12393,885,4,5,1,0.8293923,1
8709,622,2,3,0,0.09990624,0
9944,710,5,6,1,0.8989852,1
10529,752,2,3,0,0.21394078,0
12470,890,11,12,0,0.11649995,0
9123,651,10,11,0,0.34301078,0
3875,276,12,13,0,0.107660346,0
3293,235,4,5,0,0.06348748,0
5122,365,13,14,1,0.5398727,1
8356,596,13,14,1,0.92714286,1
5802,414,7,8,1,0.92540914,1
7202,514,7,8,0,0.06510157,0
10617,758,6,7,0,0.46355212,0
8434,602,7,8,0,0.11401346,0
9292,663,11,12,1,0.8787083,1
7662,547,5,6,0,0.055350482,0
8624,616,1,2,0,0.07729961,0
3076,219,11,12,0,0.38367468,0
12827,916,4,5,1,0.6092994,1
6086,434,11,12,1,0.89122903,1
2565,183,4,5,0,0.09640144,0
6639,474,4,5,0,0.062262915,0
5330,380,11,12,1,0.5404859,1
816,58,5,6,0,0.08422912,0
8738,624,3,4,0,0.09516019,0
1052,75,3,4,0,0.08512615,0
13407,957,10,11,1,0.8659548,1
9093,649,8,9,0,0.09400813,0
10586,756,3,4,0,0.11008011,0
13445,960,6,7,1,0.8736127,1
7859,561,6,7,1,0.7153359,1
12897,921,4,5,1,0.91057575,1
6096,435,7,8,0,0.09961991,0
10096,721,3,4,0,0.19573751,0
1207,86,4,5,0,0.062376756,0
13189,942,2,3,0,0.26571795,0
2227,159,2,3,0,0.08762171,0
3372,240,13,14,0,0.12662552,0
1081,77,4,5,0,0.10160342,0
6637,474,2,3,0,0.06459189,0
12915,922,8,9,0,0.18660168,0
11625,830,6,7,1,0.8494116,1
8375,598,4,5,0,0.107835464,0
6896,492,9,10,0,0.049291708,0
11759,839,14,15,0,0.073800094,0
7004,500,5,6,0,0.061311815,0
11215,801,2,3,1,0.6999315,1
10809,772,2,3,0,0.19934967,0
6529,466,6,7,0,0.09222643,0
5401,385,12,13,1,0.92087513,1
5292,378,1,2,0,0.10204332,0
7573,540,14,15,1,0.9008269,1
11619,829,14,15,0,0.09295688,0
8237,588,6,7,0,0.107559904,0
4146,296,3,4,0,0.114124894,0
706,50,7,8,0,0.095682345,0
150,10,11,12,0,0.4971787,0
12998,928,7,8,1,0.83559746,1
5503,393,2,3,0,0.09807216,0
5400,385,11,12,1,0.9246186,1
3320,237,3,4,0,0.09849606,0
3011,215,2,3,0,0.1102858,0
2818,201,5,6,0,0.06191618,0
7151,510,12,13,1,0.23138243,0
4969,354,14,15,0,0.10637609,0
2236,159,11,12,0,0.14801909,0
11045,788,14,15,0,0.07252262,0
2530,180,11,12,0,0.5773309,1
2008,143,7,8,0,0.23380794,0
12595,899,10,11,0,0.09092875,0
6949,496,6,7,0,0.05170899,0
36,2,9,10,0,0.092275664,0
672,48,1,2,0,0.07556468,0
11316,808,5,6,0,0.5407499,1
7609,543,8,9,1,0.6041359,1
1324,94,9,10,1,0.716831,1
8901,635,12,13,0,0.21290533,0
3236,231,3,4,0,0.08915051,0
3913,279,8,9,1,0.29495206,0
10241,731,8,9,0,0.08878728,0
942,67,5,6,0,0.11285275,0
12947,924,12,13,1,0.8907833,1
13465,961,12,13,1,0.86714876,1
9916,708,5,6,1,0.7311204,1
898,64,3,4,0,0.16072169,0
12039,859,14,15,0,0.15611848,0
1478,105,9,10,0,0.21212998,0
4477,319,12,13,1,0.6329735,1
8238,588,7,8,0,0.23085293,0
9964,711,11,12,1,0.91709274,1
12993,928,2,3,1,0.4172262,0
10283,734,8,9,0,0.09778722,0
5899,421,6,7,0,0.21643741,0
11049,789,4,5,0,0.60828054,1
9439,674,4,5,1,0.85329914,1
5281,377,4,5,0,0.10240438,0
13041,931,8,9,1,0.30452314,0
8165,583,4,5,0,0.082232155,0
9103,650,4,5,0,0.08989864,0
7103,507,6,7,0,0.37813145,0
7545,538,14,15,0,0.05647847,0
13260,947,3,4,0,0.114572026,0
6538,467,1,2,0,0.053518042,0
7261,518,10,11,0,0.0509117,0
2995,213,14,15,0,0.13358802,0
4360,311,7,8,1,0.9062518,1
1935,138,4,5,0,0.07262962,0
1358,97,1,2,0,0.06879587,0
760,54,5,6,0,0.11982658,0
10291,735,2,3,0,0.17329994,0
9090,649,5,6,0,0.0650024,0
9741,695,12,13,0,0.40026477,0
6623,473,2,3,0,0.056694984,0
12904,921,11,12,1,0.92074615,1
2400,171,7,8,0,0.09437626,0
2250,160,11,12,0,0.1743932,0
9054,646,11,12,0,0.41187367,0
1468,104,13,14,1,0.89812714,1
7561,540,2,3,1,0.30567646,0
5431,387,14,15,0,0.094911516,0
3103,221,10,11,0,0.41188785,0
10558,754,3,4,0,0.22511142,0
2528,180,9,10,0,0.121460326,0
12247,874,12,13,0,0.12065726,0
2870,205,1,2,0,0.067652486,0
3037,216,14,15,0,0.1569358,0
4870,347,13,14,0,0.12093207,0
12229,873,8,9,1,0.9175056,1
9085,648,14,15,1,0.92922163,1
2043,145,14,15,1,0.8190637,1
1371,97,14,15,1,0.83498687,1
13643,974,8,9,0,0.16306712,0
2465,176,2,3,0,0.11668034,0
5190,370,11,12,1,0.90720254,1
6502,464,7,8,0,0.09658854,0
2204,157,7,8,0,0.26077718,0
8720,622,13,14,1,0.5336092,1
10591,756,8,9,0,0.51979905,1
11243,803,2,3,0,0.11294345,0
8970,640,11,12,0,0.13558647,0
8468,604,13,14,0,0.090177596,0
13379,955,10,11,0,0.73592633,1
3449,246,6,7,0,0.078489415,0
9732,695,3,4,0,0.35885304,0
3028,216,5,6,0,0.095490515,0
5256,375,7,8,0,0.09396162,0
11046,789,1,2,0,0.17487413,0
8258,589,13,14,0,0.110100545,0
12083,863,2,3,0,0.25215712,0
7582,541,9,10,0,0.060328893,0
5095,363,14,15,1,0.64167655,1
4292,306,9,10,1,0.71713966,1
12252,875,3,4,0,0.22659014,0
3723,265,14,15,0,0.115512535,0
6311,450,12,13,1,0.46548626,0
9457,675,8,9,0,0.21118331,0
4717,336,14,15,0,0.44511348,0
11955,853,14,15,1,0.9349101,1
7168,512,1,2,0,0.05322491,0
9191,656,8,9,0,0.09829388,0
6603,471,10,11,0,0.05334217,0
808,57,11,12,0,0.11057226,0
3263,233,2,3,0,0.08853875,0
583,41,10,11,1,0.7070361,1
9072,648,1,2,0,0.06548359,0
13652,975,3,4,0,0.06803411,0
9068,647,11,12,1,0.8413896,1
8719,622,12,13,1,0.5334977,1
9206,657,9,10,1,0.883197,1
11388,813,7,8,1,0.91824925,1
4185,298,14,15,1,0.9241482,1
3366,240,7,8,0,0.08929607,0
7948,567,11,12,1,0.9487013,1
2771,197,14,15,0,0.33623812,0
8422,601,9,10,1,0.8091879,1
5183,370,4,5,0,0.10170865,0
5314,379,9,10,0,0.16863534,0
2208,157,11,12,0,0.4869338,0
7514,536,11,12,1,0.9003388,1
12122,865,13,14,0,0.09131059,0
5517,394,2,3,0,0.0998853,0
3883,277,6,7,0,0.07119825,0
8660,618,9,10,1,0.873322,1
11681,834,6,7,0,0.20948285,0
12156,868,5,6,0,0.18030776,0
6666,476,3,4,0,0.049884353,0
6271,447,14,15,0,0.1306626,0
13472,962,5,6,0,0.16230166,0
1261,90,2,3,0,0.08054557,0
11892,849,7,8,0,0.15150683,0
9082,648,11,12,1,0.9023047,1
7073,505,4,5,0,0.16471842,0
4085,291,12,13,0,0.10372664,0
8146,581,13,14,0,0.08261592,0
2115,151,2,3,0,0.10390344,0
688,49,3,4,0,0.06889514,0
11790,842,3,4,0,0.10730592,0
8351,596,8,9,1,0.8296067,1
1292,92,5,6,0,0.10482737,0
6060,432,13,14,0,0.076863356,0
9351,667,14,15,1,0.9267496,1
5507,393,6,7,0,0.18302733,0
8897,635,8,9,0,0.16405998,0
11237,802,10,11,0,0.12046803,0
4912,350,13,14,0,0.14263478,0
10433,745,4,5,0,0.12035238,0
4051,289,6,7,0,0.06257623,0
1928,137,11,12,0,0.0955825,0
2253,160,14,15,0,0.21511641,0
2430,173,9,10,0,0.104223974,0
10214,729,9,10,1,0.87637025,1
4392,313,11,12,0,0.16111964,0
371,26,8,9,0,0.06400405,0
4082,291,9,10,0,0.09671506,0
11202,800,3,4,0,0.19959144,0
6163,440,4,5,0,0.0779153,0
6346,453,5,6,0,0.059720427,0
13620,972,13,14,0,0.05758633,0
3188,227,11,12,0,0.09900238,0
12112,865,3,4,0,0.11324855,0
10140,724,5,6,0,0.15331928,0
2349,167,12,13,1,0.9351229,1
2057,146,14,15,0,0.3526813,0
9528,680,9,10,0,0.30254707,0
5737,409,12,13,0,0.3981438,0
4517,322,10,11,0,0.077660516,0
2651,189,6,7,0,0.068976305,0
4512,322,5,6,0,0.090463325,0
7666,547,9,10,0,0.053463995,0
9016,644,1,2,0,0.072131336,0
4446,317,9,10,0,0.32173347,0
7701,550,2,3,0,0.07499166,0
726,51,13,14,0,0.08644019,0
10690,763,9,10,1,0.91163576,1
12392,885,3,4,1,0.5383758,1
10819,772,12,13,1,0.93353105,1
5875,419,10,11,1,0.9252831,1
964,68,13,14,0,0.11725709,0
6316,451,3,4,0,0.06613131,0
2648,189,3,4,0,0.071711235,0
5148,367,11,12,0,0.10708559,0
1367,97,10,11,1,0.81502956,1
11260,804,5,6,0,0.55728817,1
11505,821,12,13,0,0.45017144,0
12839,917,2,3,0,0.20618056,0
13396,956,13,14,1,0.9278687,1
7315,522,8,9,0,0.05196569,0
10344,738,13,14,1,0.8788044,1
9714,693,13,14,1,0.8860979,1
7351,525,2,3,0,0.06655276,0
6479,462,12,13,0,0.14622647,0
7975,569,10,11,0,0.14018296,0
5989,427,12,13,1,0.9137663,1
3950,282,3,4,0,0.06616525,0
1679,119,14,15,0,0.35851836,0
7303,521,10,11,0,0.18780479,0
3557,254,2,3,0,0.091097854,0
10589,756,6,7,0,0.22888191,0
8459,604,4,5,0,0.08940119,0
11052,789,7,8,1,0.9194302,1
12203,871,10,11,0,0.10844322,0
1919,137,2,3,0,0.092779174,0
8805,628,14,15,1,0.92217135,1
544,38,13,14,0,0.16073541,0
12846,917,9,10,0,0.15494215,0
1639,117,2,3,0,0.07647398,0
7923,565,14,15,0,0.091575556,0
10171,726,8,9,0,0.16540912,0
3961,282,14,15,0,0.10907753,0
12414,886,11,12,0,0.1601426,0
12278,877,1,2,0,0.09956711,0
6501,464,6,7,0,0.09851111,0
912,65,3,4,0,0.11013421,0
2564,183,3,4,0,0.090539664,0
9048,646,5,6,0,0.09194351,0
1511,107,14,15,0,0.09938877,0
9712,693,11,12,1,0.8797098,1
1724,123,3,4,0,0.072850466,0
13715,979,10,11,0,0.35201964,0
13290,949,5,6,0,0.16950834,0
12520,894,5,6,0,0.17329806,0
397,28,6,7,0,0.06615457,0
11924,851,11,12,1,0.59528804,1
3859,275,10,11,1,0.89392823,1
2315,165,6,7,0,0.1781958,0
3624,258,13,14,0,0.13603546,0
7826,559,1,2,0,0.15177345,0
9114,651,1,2,0,0.08584017,0
5301,378,10,11,0,0.10675576,0
11801,842,14,15,1,0.83914167,1
12889,920,10,11,1,0.9219747,1
1644,117,7,8,0,0.16748244,0
11698,835,9,10,0,0.10976547,0
2281,162,14,15,0,0.11603673,0
8071,576,8,9,0,0.09292702,0
5219,372,12,13,1,0.9204256,1
13043,931,10,11,1,0.32504857,0
6696,478,5,6,0,0.15447849,0
3453,246,10,11,0,0.099730745,0
6843,488,12,13,0,0.08593103,0
1364,97,7,8,0,0.11380085,0
3939,281,6,7,0,0.14236584,0
4803,343,2,3,0,0.16458218,0
11195,799,10,11,1,0.9309934,1
6029,430,10,11,0,0.17942648,0
11494,821,1,2,0,0.12756279,0
7079,505,10,11,0,0.13300717,0
13042,931,9,10,1,0.31999403,0
10149,724,14,15,0,0.49858508,0
13045,931,12,13,1,0.3653417,0
1903,135,14,15,1,0.522029,1
27,1,14,15,1,0.9247459,1
6561,468,10,11,0,0.04887926,0
1499,107,2,3,0,0.06979183,0
2602,185,13,14,1,0.8777456,1
3050,217,13,14,0,0.11201927,0
13124,937,7,8,0,0.1573361,0
1072,76,9,10,1,0.79978305,1
8097,578,6,7,0,0.06524622,0
8850,632,3,4,0,0.06587921,0
3548,253,7,8,0,0.13350898,0
7495,535,6,7,0,0.055091992,0
1470,105,1,2,0,0.0825564,0
11723,837,6,7,1,0.8671035,1
9534,681,1,2,0,0.23744363,0
12451,889,6,7,0,0.14716777,0
11789,842,2,3,0,0.09301542,0
7296,521,3,4,0,0.28761843,0
3232,230,13,14,1,0.88208354,1
2577,184,2,3,0,0.13638264,0
154,11,1,2,0,0.063430406,0
12650,903,9,10,0,0.063120276,0
10374,741,1,2,1,0.42175198,0
5765,411,12,13,1,0.80676866,1
3014,215,5,6,0,0.14012478,0
5714,408,3,4,1,0.84341764,1
3847,274,12,13,0,0.42940637,0
7156,511,3,4,0,0.10180014,0
6594,471,1,2,0,0.054201223,0
739,52,12,13,1,0.9362823,1
11894,849,9,10,0,0.14090918,0
7943,567,6,7,1,0.94688004,1
11246,803,5,6,0,0.21441667,0
1125,80,6,7,0,0.08490486,0
10801,771,8,9,1,0.89933157,1
10724,766,1,2,0,0.23382074,0
13569,969,4,5,1,0.77719545,1
6718,479,13,14,0,0.06266476,0
13719,979,14,15,0,0.32748264,0
5704,407,7,8,0,0.09838935,0
1182,84,7,8,0,0.08551124,0
10963,783,2,3,0,0.24258116,0
6465,461,12,13,0,0.22849408,0
2092,149,7,8,0,0.20301785,0
9868,704,13,14,1,0.66684985,1
4538,324,3,4,0,0.08067204,0
823,58,12,13,0,0.12145988,0
3874,276,11,12,0,0.1040849,0
6,0,7,8,0,0.10937689,0
2273,162,6,7,0,0.101406544,0
12517,894,2,3,0,0.19480802,0
586,41,13,14,1,0.72106886,1
1554,111,1,2,0,0.08640439,0
3149,224,14,15,1,0.8821349,1
1288,92,1,2,0,0.08560207,0
6558,468,7,8,0,0.049104255,0
13180,941,7,8,1,0.6133236,1
7445,531,12,13,0,0.13857806,0
13172,940,13,14,0,0.24356553,0
6649,474,14,15,0,0.059462097,0
8335,595,6,7,0,0.11093797,0
11719,837,2,3,0,0.18626389,0
6588,470,9,10,0,0.04822227,0
10411,743,10,11,1,0.6132589,1
9754,696,11,12,1,0.90719646,1
9821,701,8,9,0,0.090351254,0
8706,621,13,14,1,0.93363297,1
1900,135,11,12,1,0.51561,1
11971,855,2,3,0,0.10845466,0
13295,949,10,11,0,0.14476897,0
10962,783,1,2,0,0.19089608,0
3648,260,9,10,0,0.061043132,0
11229,802,2,3,0,0.19824705,0
11806,843,5,6,0,0.17307423,0
8395,599,10,11,1,0.90011007,1
2352,168,1,2,0,0.07451264,0
363,25,14,15,1,0.9125394,1
10683,763,2,3,0,0.17781927,0
7518,537,1,2,0,0.08927806,0
5363,383,2,3,0,0.12680148,0
13606,971,13,14,0,0.44758707,0
2930,209,5,6,0,0.06745027,0
5589,399,4,5,0,0.10724099,0
13135,938,4,5,0,0.08910849,0
3756,268,5,6,0,0.08457825,0
10952,782,5,6,1,0.78853524,1
12930,923,9,10,1,0.93010104,1
669,47,12,13,1,0.93387574,1
12073,862,6,7,0,0.17388546,0
7938,567,1,2,1,0.29024476,0
11247,803,6,7,0,0.3430606,0
5351,382,4,5,0,0.10804942,0
4288,306,5,6,0,0.09505985,0
11431,816,8,9,0,0.13074455,0
3502,250,3,4,0,0.07680168,0
8235,588,4,5,0,0.08016746,0
6156,439,11,12,0,0.08741852,0
2975,212,8,9,0,0.118498735,0
7732,552,5,6,0,0.2604503,0
6261,447,4,5,0,0.06523078,0
11652,832,5,6,1,0.8757493,1
3228,230,9,10,0,0.14737964,0
5513,393,12,13,1,0.40605888,0
4608,329,3,4,0,0.08189946,0
193,13,12,13,0,0.5383481,1
5736,409,11,12,0,0.35592046,0
9392,670,13,14,0,0.3902874,0
233,16,10,11,0,0.10581766,0
6695,478,4,5,0,0.1610296,0
9719,694,4,5,1,0.89287037,1
3343,238,12,13,0,0.11055419,0
11418,815,9,10,1,0.9268726,1
12586,899,1,2,0,0.10956055,0
659,47,2,3,0,0.06857382,0
3289,234,14,15,0,0.16950917,0
12820,915,11,12,1,0.90021497,1
10699,764,4,5,0,0.08224306,0
12707,907,10,11,0,0.27485982,0
13243,945,14,15,1,0.7787741,1
11232,802,5,6,0,0.12861653,0
8223,587,6,7,0,0.074121505,0
3936,281,3,4,0,0.08364968,0
12773,912,6,7,0,0.1936176,0
5489,392,2,3,0,0.09452057,0
10849,774,14,15,0,0.20020032,0
4874,348,3,4,0,0.121427864,0
96,6,13,14,1,0.8967946,1
10351,739,6,7,0,0.4006429,0
11288,806,5,6,1,0.87604636,1
10033,716,10,11,1,0.8574104,1
3074,219,9,10,0,0.4034162,0
5543,395,14,15,0,0.36523768,0
2252,160,13,14,0,0.21082528,0
3555,253,14,15,0,0.16641094,0
6494,463,13,14,0,0.06017708,0
6970,497,13,14,0,0.051873308,0
11064,790,5,6,0,0.2091721,0
818,58,7,8,0,0.10859215,0
1194,85,5,6,0,0.097082354,0
12469,890,10,11,0,0.11784382,0
13480,962,13,14,0,0.1836067,0
12543,895,14,15,1,0.87814707,1
6235,445,6,7,1,0.92631483,1
6823,487,6,7,0,0.09041624,0
2141,152,14,15,0,0.24067344,0
2867,204,12,13,1,0.8529374,1
1999,142,12,13,1,0.891326,1
13144,938,13,14,0,0.09364761,0
1241,88,10,11,0,0.11005816,0
13640,974,5,6,0,0.22417493,0
6489,463,8,9,0,0.061836302,0
6051,432,4,5,0,0.078936316,0
1079,77,2,3,0,0.08552088,0
6195,442,8,9,0,0.083037764,0
8782,627,5,6,1,0.86275727,1
4368,312,1,2,0,0.12899168,0
5999,428,8,9,1,0.79657125,1
13662,975,13,14,0,0.07003382,0
563,40,4,5,0,0.19152103,0
3101,221,8,9,0,0.19554976,0
8105,578,14,15,0,0.083209075,0
1961,140,2,3,0,0.08060344,0
7606,543,5,6,1,0.73070914,1
7735,552,8,9,0,0.22281067,0
4527,323,6,7,1,0.38700283,0
7627,544,12,13,0,0.05859801,0
4994,356,11,12,1,0.47356853,0
2059,147,2,3,0,0.073677585,0
7396,528,5,6,1,0.54972976,1
10453,746,10,11,1,0.90068036,1
4725,337,8,9,0,0.14170823,0
13657,975,8,9,0,0.06852255,0
1344,96,1,2,0,0.07196202,0
1445,103,4,5,0,0.10359868,0
4679,334,4,5,0,0.096490726,0
12346,881,13,14,1,0.92656,1
10028,716,5,6,0,0.5473284,1
5768,412,1,2,0,0.06143134,0
8495,606,12,13,0,0.15428527,0
13680,977,3,4,0,0.18667461,0
343,24,8,9,0,0.089588456,0
13224,944,9,10,1,0.7835822,1
9214,658,3,4,0,0.08263829,0
7233,516,10,11,0,0.0866492,0
1302,93,1,2,0,0.08597709,0
10217,729,12,13,1,0.9093777,1
13096,935,7,8,1,0.6875805,1
11813,843,12,13,0,0.13684864,0
8511,607,14,15,0,0.11686894,0
11607,829,2,3,0,0.11053295,0
1016,72,9,10,1,0.42452005,0
6609,472,2,3,0,0.057731185,0
8155,582,8,9,0,0.07725247,0
13357,954,2,3,1,0.9097366,1
1808,129,3,4,0,0.08423988,0
13212,943,11,12,0,0.7438348,1
13336,952,9,10,0,0.17815539,0
4179,298,8,9,0,0.33810335,0
9432,673,11,12,1,0.8654443,1
145,10,6,7,0,0.17126492,0
10649,760,10,11,1,0.78942066,1
11332,809,7,8,1,0.804342,1
13303,950,4,5,0,0.14694288,0
10795,771,2,3,0,0.1545761,0
9335,666,12,13,1,0.4791092,0
1846,131,13,14,1,0.84669816,1
1466,104,11,12,1,0.9054047,1
1507,107,10,11,0,0.069290474,0
2434,173,13,14,0,0.115728535,0
649,46,6,7,0,0.10183205,0
11867,847,10,11,0,0.30387995,0
3484,248,13,14,0,0.2826997,0
1893,135,4,5,0,0.09294202,0
7219,515,10,11,0,0.12602773,0
2080,148,9,10,0,0.2519284,0
13636,974,1,2,0,0.3465396,0
5463,390,4,5,0,0.07938688,0
3606,257,9,10,1,0.82788306,1
1382,98,11,12,0,0.10075644,0
12412,886,9,10,0,0.17206298,0
10163,725,14,15,1,0.8908178,1
10357,739,12,13,0,0.26096675,0
11582,827,5,6,1,0.7837979,1
3529,252,2,3,0,0.07203773,0
11566,826,3,4,0,0.2073861,0
8092,578,1,2,0,0.0681611,0
12579,898,8,9,0,0.11234248,0
5247,374,12,13,1,0.9123535,1
